<metadata xml:lang="en"><Esri><CreaDate>20220609</CreaDate><CreaTime>15464600</CreaTime><ArcGISFormat>1.0</ArcGISFormat><SyncOnce>FALSE</SyncOnce><DataProperties><itemProps><itemName Sync="TRUE">SCW_ELS_BND_20222023</itemName><imsContentType Sync="TRUE">002</imsContentType><itemLocation><linkage Sync="TRUE">file://\\9810220F-Q27790\C$\Users\pleasma\Desktop\Elementary_Boundaries\SCW_ELS_BND_20222023.shp</linkage><protocol Sync="TRUE">Local Area Network</protocol></itemLocation><itemSize Sync="TRUE">0.000</itemSize><nativeExtBox><westBL Sync="TRUE">446392.935302</westBL><eastBL Sync="TRUE">638723.531611</eastBL><southBL Sync="TRUE">1204037.705481</southBL><northBL Sync="TRUE">1396274.893840</northBL><exTypeCode Sync="TRUE">1</exTypeCode></nativeExtBox></itemProps><coordRef><type Sync="TRUE">Geographic</type><geogcsn Sync="TRUE">GCS_WGS_1984</geogcsn><csUnits Sync="TRUE">Angular Unit: Degree (0.017453)</csUnits><peXml Sync="TRUE">&lt;GeographicCoordinateSystem xsi:type='typens:GeographicCoordinateSystem' xmlns:xsi='http://www.w3.org/2001/XMLSchema-instance' xmlns:xs='http://www.w3.org/2001/XMLSchema' xmlns:typens='http://www.esri.com/schemas/ArcGIS/2.9.0'&gt;&lt;WKT&gt;GEOGCS[&amp;quot;GCS_WGS_1984&amp;quot;,DATUM[&amp;quot;D_WGS_1984&amp;quot;,SPHEROID[&amp;quot;WGS_1984&amp;quot;,6378137.0,298.257223563]],PRIMEM[&amp;quot;Greenwich&amp;quot;,0.0],UNIT[&amp;quot;Degree&amp;quot;,0.0174532925199433],AUTHORITY[&amp;quot;EPSG&amp;quot;,4326]]&lt;/WKT&gt;&lt;XOrigin&gt;-400&lt;/XOrigin&gt;&lt;YOrigin&gt;-400&lt;/YOrigin&gt;&lt;XYScale&gt;11258999068426.238&lt;/XYScale&gt;&lt;ZOrigin&gt;-100000&lt;/ZOrigin&gt;&lt;ZScale&gt;10000&lt;/ZScale&gt;&lt;MOrigin&gt;-100000&lt;/MOrigin&gt;&lt;MScale&gt;10000&lt;/MScale&gt;&lt;XYTolerance&gt;8.983152841195215e-09&lt;/XYTolerance&gt;&lt;ZTolerance&gt;0.001&lt;/ZTolerance&gt;&lt;MTolerance&gt;0.001&lt;/MTolerance&gt;&lt;HighPrecision&gt;true&lt;/HighPrecision&gt;&lt;LeftLongitude&gt;-180&lt;/LeftLongitude&gt;&lt;WKID&gt;4326&lt;/WKID&gt;&lt;LatestWKID&gt;4326&lt;/LatestWKID&gt;&lt;/GeographicCoordinateSystem&gt;</peXml></coordRef><lineage><Process ToolSource="c:\program files (x86)\arcgis\desktop10.1\ArcToolbox\Toolboxes\Conversion Tools.tbx\FeatureClassToFeatureClass" Date="20121203" Time="105320" Name="" export="">FeatureClassToFeatureClass "F:\SLIMS\ImportsFromMapInfoAndOthers\Schools\2012.11.30.SchoolsFromMapInfoElementaryBoundariesOnly\SHP files\elementary layers_region.shp" "Database Connections\HCPS_GISApps at 9750mspgis10-1.sde\Synergy.DBO.Schools" SCW_ELS_BND_20132014 # "EID "EID" true true false 5 Text 0 0 ,First,#,F:\SLIMS\ImportsFromMapInfoAndOthers\Schools\2012.11.30.SchoolsFromMapInfoElementaryBoundariesOnly\SHP files\elementary layers_region.shp,EID,-1,-1;NAME "NAME" true true false 50 Text 0 0 ,First,#,F:\SLIMS\ImportsFromMapInfoAndOthers\Schools\2012.11.30.SchoolsFromMapInfoElementaryBoundariesOnly\SHP files\elementary layers_region.shp,NAME,-1,-1" #</Process><Process ToolSource="c:\program files (x86)\arcgis\desktop10.1\ArcToolbox\Toolboxes\Conversion Tools.tbx\FeatureClassToFeatureClass" Date="20130321" Time="095729" Name="" export="">FeatureClassToFeatureClass "Database Connections\HCPS_GISApps Synergy At 9750mspgis10-1.sde\Synergy.DBO.Schools\Synergy.DBO.SCW_ELS_BND_20132014" "Database Connections\Synergy Connection to 9750-w2k8-gis10.sde\Synergy.DBO.Schools" SCW_ELS_BND_20132014 # "EID "EID" true true false 5 Text 0 0 ,First,#,Database Connections\HCPS_GISApps Synergy At 9750mspgis10-1.sde\Synergy.DBO.Schools\Synergy.DBO.SCW_ELS_BND_20132014,EID,-1,-1;NAME "NAME" true true false 50 Text 0 0 ,First,#,Database Connections\HCPS_GISApps Synergy At 9750mspgis10-1.sde\Synergy.DBO.Schools\Synergy.DBO.SCW_ELS_BND_20132014,NAME,-1,-1;Shape_STArea() "Shape_STArea()" false false true 0 Double 0 0 ,First,#,Database Connections\HCPS_GISApps Synergy At 9750mspgis10-1.sde\Synergy.DBO.Schools\Synergy.DBO.SCW_ELS_BND_20132014,Shape.STArea(),-1,-1;Shape_STLength() "Shape_STLength()" false false true 0 Double 0 0 ,First,#,Database Connections\HCPS_GISApps Synergy At 9750mspgis10-1.sde\Synergy.DBO.Schools\Synergy.DBO.SCW_ELS_BND_20132014,Shape.STLength(),-1,-1" #</Process><Process ToolSource="c:\program files (x86)\arcgis\desktop10.1\ArcToolbox\Toolboxes\Data Management Tools.tbx\CopyFeatures" Date="20130325" Time="221459" Name="" export="">CopyFeatures "Database Connections\Synergy Connection to 9750-w2k8-gis10.sde\Synergy.DBO.Schools\Synergy.DBO.SCW_ELS_BND_20132014" D:\GISData\Shapefiles\SCW_ELS_BND_20132014.shp # 0 0 0</Process><Process ToolSource="c:\program files (x86)\arcgis\desktop10.1\ArcToolbox\Toolboxes\Data Management Tools.tbx\CopyFeatures" Date="20130325" Time="221855" Name="" export="">CopyFeatures D:\GISData\Shapefiles\SCW_ELS_BND_20132014.shp "Database Connections\Synergy Connection to 9750-w2k8-gis10.sde\Synergy.DBO.Schools\Synergy.DBO.SCW_ELS_BND_20132014" GEOGRAPHY 0 0 0</Process><Process Name="Delete Some Fields" ToolSource="c:\program files (x86)\arcgis\desktop10.1\ArcToolbox\Toolboxes\Data Management Tools.tbx\DeleteField" Date="20140611" Time="140807" export="">DeleteField I_Synergy.DBO_EID Shape_STAr;Shape_STLe</Process><Process Name="Delete Some Fields" ToolSource="c:\program files (x86)\arcgis\desktop10.1\ArcToolbox\Toolboxes\Data Management Tools.tbx\DeleteField" Date="20140611" Time="140809" export="">DeleteField I_Synergy.DBO_EID Shape_STAr;Shape_STLe</Process><Process Name="Delete Some Fields" ToolSource="c:\program files (x86)\arcgis\desktop10.1\ArcToolbox\Toolboxes\Data Management Tools.tbx\DeleteField" Date="20140611" Time="140810" export="">DeleteField I_Synergy.DBO_EID Shape_STAr;Shape_STLe</Process><Process Name="Delete Some Fields" ToolSource="c:\program files (x86)\arcgis\desktop10.1\ArcToolbox\Toolboxes\Data Management Tools.tbx\DeleteField" Date="20140611" Time="140811" export="">DeleteField I_Synergy.DBO_EID Shape_STAr;Shape_STLe</Process><Process Name="Delete Some Fields" ToolSource="c:\program files (x86)\arcgis\desktop10.1\ArcToolbox\Toolboxes\Data Management Tools.tbx\DeleteField" Date="20140611" Time="140813" export="">DeleteField I_Synergy.DBO_EID Shape_STAr;Shape_STLe</Process><Process Name="Delete Some Fields" ToolSource="c:\program files (x86)\arcgis\desktop10.1\ArcToolbox\Toolboxes\Data Management Tools.tbx\DeleteField" Date="20140611" Time="140814" export="">DeleteField I_Synergy.DBO_EID Shape_STAr;Shape_STLe</Process><Process Name="Delete Some Fields" ToolSource="c:\program files (x86)\arcgis\desktop10.1\ArcToolbox\Toolboxes\Data Management Tools.tbx\DeleteField" Date="20140611" Time="140815" export="">DeleteField I_Synergy.DBO_EID Shape_STAr;Shape_STLe</Process><Process Name="Delete Some Fields" ToolSource="c:\program files (x86)\arcgis\desktop10.1\ArcToolbox\Toolboxes\Data Management Tools.tbx\DeleteField" Date="20140611" Time="140817" export="">DeleteField I_Synergy.DBO_EID Shape_STAr;Shape_STLe</Process><Process Name="Delete Some Fields" ToolSource="c:\program files (x86)\arcgis\desktop10.1\ArcToolbox\Toolboxes\Data Management Tools.tbx\DeleteField" Date="20140611" Time="140818" export="">DeleteField I_Synergy.DBO_EID Shape_STAr;Shape_STLe</Process><Process Name="Delete Some Fields" ToolSource="c:\program files (x86)\arcgis\desktop10.1\ArcToolbox\Toolboxes\Data Management Tools.tbx\DeleteField" Date="20140611" Time="140820" export="">DeleteField I_Synergy.DBO_EID Shape_STAr;Shape_STLe</Process><Process Name="Delete Some Fields" ToolSource="c:\program files (x86)\arcgis\desktop10.1\ArcToolbox\Toolboxes\Data Management Tools.tbx\DeleteField" Date="20140611" Time="140821" export="">DeleteField I_Synergy.DBO_EID Shape_STAr;Shape_STLe</Process><Process Name="Delete Some Fields" ToolSource="c:\program files (x86)\arcgis\desktop10.1\ArcToolbox\Toolboxes\Data Management Tools.tbx\DeleteField" Date="20140611" Time="140822" export="">DeleteField I_Synergy.DBO_EID Shape_STAr;Shape_STLe</Process><Process Name="Delete Some Fields" ToolSource="c:\program files (x86)\arcgis\desktop10.1\ArcToolbox\Toolboxes\Data Management Tools.tbx\DeleteField" Date="20140611" Time="140824" export="">DeleteField I_Synergy.DBO_EID Shape_STAr;Shape_STLe</Process><Process Name="Delete Some Fields" ToolSource="c:\program files (x86)\arcgis\desktop10.1\ArcToolbox\Toolboxes\Data Management Tools.tbx\DeleteField" Date="20140611" Time="140824" export="">DeleteField I_Synergy.DBO_EID Shape_STAr;Shape_STLe</Process><Process Name="Delete Some Fields" ToolSource="c:\program files (x86)\arcgis\desktop10.1\ArcToolbox\Toolboxes\Data Management Tools.tbx\DeleteField" Date="20140611" Time="140826" export="">DeleteField I_Synergy.DBO_EID Shape_STAr;Shape_STLe</Process><Process Name="Delete Some Fields" ToolSource="c:\program files (x86)\arcgis\desktop10.1\ArcToolbox\Toolboxes\Data Management Tools.tbx\DeleteField" Date="20140611" Time="140827" export="">DeleteField I_Synergy.DBO_EID Shape_STAr;Shape_STLe</Process><Process Name="Delete Some Fields" ToolSource="c:\program files (x86)\arcgis\desktop10.1\ArcToolbox\Toolboxes\Data Management Tools.tbx\DeleteField" Date="20140611" Time="140828" export="">DeleteField I_Synergy.DBO_EID Shape_STAr;Shape_STLe</Process><Process Name="Delete Some Fields" ToolSource="c:\program files (x86)\arcgis\desktop10.1\ArcToolbox\Toolboxes\Data Management Tools.tbx\DeleteField" Date="20140611" Time="140830" export="">DeleteField I_Synergy.DBO_EID Shape_STAr;Shape_STLe</Process><Process Name="Delete Some Fields" ToolSource="c:\program files (x86)\arcgis\desktop10.1\ArcToolbox\Toolboxes\Data Management Tools.tbx\DeleteField" Date="20140611" Time="140832" export="">DeleteField I_Synergy.DBO_EID Shape_STAr;Shape_STLe</Process><Process Name="Delete Some Fields" ToolSource="c:\program files (x86)\arcgis\desktop10.1\ArcToolbox\Toolboxes\Data Management Tools.tbx\DeleteField" Date="20140611" Time="140833" export="">DeleteField I_Synergy.DBO_EID Shape_STAr;Shape_STLe</Process><Process Name="Delete Some Fields" ToolSource="c:\program files (x86)\arcgis\desktop10.1\ArcToolbox\Toolboxes\Data Management Tools.tbx\DeleteField" Date="20140611" Time="140834" export="">DeleteField I_Synergy.DBO_EID Shape_STAr;Shape_STLe</Process><Process Name="Delete Some Fields" ToolSource="c:\program files (x86)\arcgis\desktop10.1\ArcToolbox\Toolboxes\Data Management Tools.tbx\DeleteField" Date="20140611" Time="140835" export="">DeleteField I_Synergy.DBO_EID Shape_STAr;Shape_STLe</Process><Process Name="Delete Some Fields" ToolSource="c:\program files (x86)\arcgis\desktop10.1\ArcToolbox\Toolboxes\Data Management Tools.tbx\DeleteField" Date="20140611" Time="140836" export="">DeleteField I_Synergy.DBO_EID Shape_STAr;Shape_STLe</Process><Process Name="Delete Some Fields" ToolSource="c:\program files (x86)\arcgis\desktop10.1\ArcToolbox\Toolboxes\Data Management Tools.tbx\DeleteField" Date="20140611" Time="140837" export="">DeleteField I_Synergy.DBO_EID Shape_STAr;Shape_STLe</Process><Process Name="Delete Some Fields" ToolSource="c:\program files (x86)\arcgis\desktop10.1\ArcToolbox\Toolboxes\Data Management Tools.tbx\DeleteField" Date="20140611" Time="140839" export="">DeleteField I_Synergy.DBO_EID Shape_STAr;Shape_STLe</Process><Process Name="Delete Some Fields" ToolSource="c:\program files (x86)\arcgis\desktop10.1\ArcToolbox\Toolboxes\Data Management Tools.tbx\DeleteField" Date="20140611" Time="140840" export="">DeleteField I_Synergy.DBO_EID Shape_STAr;Shape_STLe</Process><Process Name="Delete Some Fields" ToolSource="c:\program files (x86)\arcgis\desktop10.1\ArcToolbox\Toolboxes\Data Management Tools.tbx\DeleteField" Date="20140611" Time="140841" export="">DeleteField I_Synergy.DBO_EID Shape_STAr;Shape_STLe</Process><Process Name="Delete Some Fields" ToolSource="c:\program files (x86)\arcgis\desktop10.1\ArcToolbox\Toolboxes\Data Management Tools.tbx\DeleteField" Date="20140611" Time="140843" export="">DeleteField I_Synergy.DBO_EID Shape_STAr;Shape_STLe</Process><Process Name="Delete Some Fields" ToolSource="c:\program files (x86)\arcgis\desktop10.1\ArcToolbox\Toolboxes\Data Management Tools.tbx\DeleteField" Date="20140611" Time="140844" export="">DeleteField I_Synergy.DBO_EID Shape_STAr;Shape_STLe</Process><Process Name="Delete Some Fields" ToolSource="c:\program files (x86)\arcgis\desktop10.1\ArcToolbox\Toolboxes\Data Management Tools.tbx\DeleteField" Date="20140611" Time="140845" export="">DeleteField I_Synergy.DBO_EID Shape_STAr;Shape_STLe</Process><Process Name="Delete Some Fields" ToolSource="c:\program files (x86)\arcgis\desktop10.1\ArcToolbox\Toolboxes\Data Management Tools.tbx\DeleteField" Date="20140611" Time="140846" export="">DeleteField I_Synergy.DBO_EID Shape_STAr;Shape_STLe</Process><Process Name="Delete Some Fields" ToolSource="c:\program files (x86)\arcgis\desktop10.1\ArcToolbox\Toolboxes\Data Management Tools.tbx\DeleteField" Date="20140611" Time="140848" export="">DeleteField I_Synergy.DBO_EID Shape_STAr;Shape_STLe</Process><Process Name="Delete Some Fields" ToolSource="c:\program files (x86)\arcgis\desktop10.1\ArcToolbox\Toolboxes\Data Management Tools.tbx\DeleteField" Date="20140611" Time="140849" export="">DeleteField I_Synergy.DBO_EID Shape_STAr;Shape_STLe</Process><Process Name="Delete Some Fields" ToolSource="c:\program files (x86)\arcgis\desktop10.1\ArcToolbox\Toolboxes\Data Management Tools.tbx\DeleteField" Date="20140611" Time="140850" export="">DeleteField I_Synergy.DBO_EID Shape_STAr;Shape_STLe</Process><Process Name="Delete Some Fields" ToolSource="c:\program files (x86)\arcgis\desktop10.1\ArcToolbox\Toolboxes\Data Management Tools.tbx\DeleteField" Date="20140611" Time="140851" export="">DeleteField I_Synergy.DBO_EID Shape_STAr;Shape_STLe</Process><Process Name="Delete Some Fields" ToolSource="c:\program files (x86)\arcgis\desktop10.1\ArcToolbox\Toolboxes\Data Management Tools.tbx\DeleteField" Date="20140611" Time="140852" export="">DeleteField I_Synergy.DBO_EID Shape_STAr;Shape_STLe</Process><Process Name="Delete Some Fields" ToolSource="c:\program files (x86)\arcgis\desktop10.1\ArcToolbox\Toolboxes\Data Management Tools.tbx\DeleteField" Date="20140611" Time="140853" export="">DeleteField I_Synergy.DBO_EID Shape_STAr;Shape_STLe</Process><Process Name="Delete Some Fields" ToolSource="c:\program files (x86)\arcgis\desktop10.1\ArcToolbox\Toolboxes\Data Management Tools.tbx\DeleteField" Date="20140611" Time="140855" export="">DeleteField I_Synergy.DBO_EID Shape_STAr;Shape_STLe</Process><Process Name="Delete Some Fields" ToolSource="c:\program files (x86)\arcgis\desktop10.1\ArcToolbox\Toolboxes\Data Management Tools.tbx\DeleteField" Date="20140611" Time="140856" export="">DeleteField I_Synergy.DBO_EID Shape_STAr;Shape_STLe</Process><Process Name="Delete Some Fields" ToolSource="c:\program files (x86)\arcgis\desktop10.1\ArcToolbox\Toolboxes\Data Management Tools.tbx\DeleteField" Date="20140611" Time="140858" export="">DeleteField I_Synergy.DBO_EID Shape_STAr;Shape_STLe</Process><Process Name="Delete Some Fields" ToolSource="c:\program files (x86)\arcgis\desktop10.1\ArcToolbox\Toolboxes\Data Management Tools.tbx\DeleteField" Date="20140611" Time="140859" export="">DeleteField I_Synergy.DBO_EID Shape_STAr;Shape_STLe</Process><Process Name="Delete Some Fields" ToolSource="c:\program files (x86)\arcgis\desktop10.1\ArcToolbox\Toolboxes\Data Management Tools.tbx\DeleteField" Date="20140611" Time="140900" export="">DeleteField I_Synergy.DBO_EID Shape_STAr;Shape_STLe</Process><Process Name="Delete Some Fields" ToolSource="c:\program files (x86)\arcgis\desktop10.1\ArcToolbox\Toolboxes\Data Management Tools.tbx\DeleteField" Date="20140611" Time="140902" export="">DeleteField I_Synergy.DBO_EID Shape_STAr;Shape_STLe</Process><Process Name="Delete Some Fields" ToolSource="c:\program files (x86)\arcgis\desktop10.1\ArcToolbox\Toolboxes\Data Management Tools.tbx\DeleteField" Date="20140611" Time="140903" export="">DeleteField I_Synergy.DBO_EID Shape_STAr;Shape_STLe</Process><Process Name="Delete Some Fields" ToolSource="c:\program files (x86)\arcgis\desktop10.1\ArcToolbox\Toolboxes\Data Management Tools.tbx\DeleteField" Date="20140611" Time="140904" export="">DeleteField I_Synergy.DBO_EID Shape_STAr;Shape_STLe</Process><Process Name="Delete Some Fields" ToolSource="c:\program files (x86)\arcgis\desktop10.1\ArcToolbox\Toolboxes\Data Management Tools.tbx\DeleteField" Date="20140611" Time="140906" export="">DeleteField I_Synergy.DBO_EID Shape_STAr;Shape_STLe</Process><Process Name="Delete Some Fields" ToolSource="c:\program files (x86)\arcgis\desktop10.1\ArcToolbox\Toolboxes\Data Management Tools.tbx\DeleteField" Date="20140611" Time="140907" export="">DeleteField I_Synergy.DBO_EID Shape_STAr;Shape_STLe</Process><Process Name="Delete Some Fields" ToolSource="c:\program files (x86)\arcgis\desktop10.1\ArcToolbox\Toolboxes\Data Management Tools.tbx\DeleteField" Date="20140611" Time="140908" export="">DeleteField I_Synergy.DBO_EID Shape_STAr;Shape_STLe</Process><Process Name="Delete Some Fields" ToolSource="c:\program files (x86)\arcgis\desktop10.1\ArcToolbox\Toolboxes\Data Management Tools.tbx\DeleteField" Date="20140611" Time="140909" export="">DeleteField I_Synergy.DBO_EID Shape_STAr;Shape_STLe</Process><Process Name="Delete Some Fields" ToolSource="c:\program files (x86)\arcgis\desktop10.1\ArcToolbox\Toolboxes\Data Management Tools.tbx\DeleteField" Date="20140611" Time="140910" export="">DeleteField I_Synergy.DBO_EID Shape_STAr;Shape_STLe</Process><Process Name="Delete Some Fields" ToolSource="c:\program files (x86)\arcgis\desktop10.1\ArcToolbox\Toolboxes\Data Management Tools.tbx\DeleteField" Date="20140611" Time="140911" export="">DeleteField I_Synergy.DBO_EID Shape_STAr;Shape_STLe</Process><Process Name="Delete Some Fields" ToolSource="c:\program files (x86)\arcgis\desktop10.1\ArcToolbox\Toolboxes\Data Management Tools.tbx\DeleteField" Date="20140611" Time="140912" export="">DeleteField I_Synergy.DBO_EID Shape_STAr;Shape_STLe</Process><Process Name="Delete Some Fields" ToolSource="c:\program files (x86)\arcgis\desktop10.1\ArcToolbox\Toolboxes\Data Management Tools.tbx\DeleteField" Date="20140611" Time="140913" export="">DeleteField I_Synergy.DBO_EID Shape_STAr;Shape_STLe</Process><Process Name="Delete Some Fields" ToolSource="c:\program files (x86)\arcgis\desktop10.1\ArcToolbox\Toolboxes\Data Management Tools.tbx\DeleteField" Date="20140611" Time="140914" export="">DeleteField I_Synergy.DBO_EID Shape_STAr;Shape_STLe</Process><Process Name="Delete Some Fields" ToolSource="c:\program files (x86)\arcgis\desktop10.1\ArcToolbox\Toolboxes\Data Management Tools.tbx\DeleteField" Date="20140611" Time="140914" export="">DeleteField I_Synergy.DBO_EID Shape_STAr;Shape_STLe</Process><Process Name="Delete Some Fields" ToolSource="c:\program files (x86)\arcgis\desktop10.1\ArcToolbox\Toolboxes\Data Management Tools.tbx\DeleteField" Date="20140611" Time="140916" export="">DeleteField I_Synergy.DBO_EID Shape_STAr;Shape_STLe</Process><Process Name="Delete Some Fields" ToolSource="c:\program files (x86)\arcgis\desktop10.1\ArcToolbox\Toolboxes\Data Management Tools.tbx\DeleteField" Date="20140611" Time="140916" export="">DeleteField I_Synergy.DBO_EID Shape_STAr;Shape_STLe</Process><Process Name="Delete Some Fields" ToolSource="c:\program files (x86)\arcgis\desktop10.1\ArcToolbox\Toolboxes\Data Management Tools.tbx\DeleteField" Date="20140611" Time="140918" export="">DeleteField I_Synergy.DBO_EID Shape_STAr;Shape_STLe</Process><Process Name="Delete Some Fields" ToolSource="c:\program files (x86)\arcgis\desktop10.1\ArcToolbox\Toolboxes\Data Management Tools.tbx\DeleteField" Date="20140611" Time="140919" export="">DeleteField I_Synergy.DBO_EID Shape_STAr;Shape_STLe</Process><Process Name="Delete Some Fields" ToolSource="c:\program files (x86)\arcgis\desktop10.1\ArcToolbox\Toolboxes\Data Management Tools.tbx\DeleteField" Date="20140611" Time="140920" export="">DeleteField I_Synergy.DBO_EID Shape_STAr;Shape_STLe</Process><Process Name="Delete Some Fields" ToolSource="c:\program files (x86)\arcgis\desktop10.1\ArcToolbox\Toolboxes\Data Management Tools.tbx\DeleteField" Date="20140611" Time="140922" export="">DeleteField I_Synergy.DBO_EID Shape_STAr;Shape_STLe</Process><Process Name="Delete Some Fields" ToolSource="c:\program files (x86)\arcgis\desktop10.1\ArcToolbox\Toolboxes\Data Management Tools.tbx\DeleteField" Date="20140611" Time="140922" export="">DeleteField I_Synergy.DBO_EID Shape_STAr;Shape_STLe</Process><Process Name="Delete Some Fields" ToolSource="c:\program files (x86)\arcgis\desktop10.1\ArcToolbox\Toolboxes\Data Management Tools.tbx\DeleteField" Date="20140611" Time="140923" export="">DeleteField I_Synergy.DBO_EID Shape_STAr;Shape_STLe</Process><Process Name="Delete Some Fields" ToolSource="c:\program files (x86)\arcgis\desktop10.1\ArcToolbox\Toolboxes\Data Management Tools.tbx\DeleteField" Date="20140611" Time="140924" export="">DeleteField I_Synergy.DBO_EID Shape_STAr;Shape_STLe</Process><Process Name="Delete Some Fields" ToolSource="c:\program files (x86)\arcgis\desktop10.1\ArcToolbox\Toolboxes\Data Management Tools.tbx\DeleteField" Date="20140611" Time="140926" export="">DeleteField I_Synergy.DBO_EID Shape_STAr;Shape_STLe</Process><Process Name="Delete Some Fields" ToolSource="c:\program files (x86)\arcgis\desktop10.1\ArcToolbox\Toolboxes\Data Management Tools.tbx\DeleteField" Date="20140611" Time="140927" export="">DeleteField I_Synergy.DBO_EID Shape_STAr;Shape_STLe</Process><Process Name="Delete Some Fields" ToolSource="c:\program files (x86)\arcgis\desktop10.1\ArcToolbox\Toolboxes\Data Management Tools.tbx\DeleteField" Date="20140611" Time="140929" export="">DeleteField I_Synergy.DBO_EID Shape_STAr;Shape_STLe</Process><Process Name="Delete Some Fields" ToolSource="c:\program files (x86)\arcgis\desktop10.1\ArcToolbox\Toolboxes\Data Management Tools.tbx\DeleteField" Date="20140611" Time="140930" export="">DeleteField I_Synergy.DBO_EID Shape_STAr;Shape_STLe</Process><Process Name="Delete Some Fields" ToolSource="c:\program files (x86)\arcgis\desktop10.1\ArcToolbox\Toolboxes\Data Management Tools.tbx\DeleteField" Date="20140611" Time="140931" export="">DeleteField I_Synergy.DBO_EID Shape_STAr;Shape_STLe</Process><Process Name="Delete Some Fields" ToolSource="c:\program files (x86)\arcgis\desktop10.1\ArcToolbox\Toolboxes\Data Management Tools.tbx\DeleteField" Date="20140611" Time="140933" export="">DeleteField I_Synergy.DBO_EID Shape_STAr;Shape_STLe</Process><Process Name="Delete Some Fields" ToolSource="c:\program files (x86)\arcgis\desktop10.1\ArcToolbox\Toolboxes\Data Management Tools.tbx\DeleteField" Date="20140611" Time="140934" export="">DeleteField I_Synergy.DBO_EID Shape_STAr;Shape_STLe</Process><Process Name="Delete Some Fields" ToolSource="c:\program files (x86)\arcgis\desktop10.1\ArcToolbox\Toolboxes\Data Management Tools.tbx\DeleteField" Date="20140611" Time="140936" export="">DeleteField I_Synergy.DBO_EID Shape_STAr;Shape_STLe</Process><Process Name="Delete Some Fields" ToolSource="c:\program files (x86)\arcgis\desktop10.1\ArcToolbox\Toolboxes\Data Management Tools.tbx\DeleteField" Date="20140611" Time="140937" export="">DeleteField I_Synergy.DBO_EID Shape_STAr;Shape_STLe</Process><Process Name="Delete Some Fields" ToolSource="c:\program files (x86)\arcgis\desktop10.1\ArcToolbox\Toolboxes\Data Management Tools.tbx\DeleteField" Date="20140611" Time="140938" export="">DeleteField I_Synergy.DBO_EID Shape_STAr;Shape_STLe</Process><Process Name="Delete Some Fields" ToolSource="c:\program files (x86)\arcgis\desktop10.1\ArcToolbox\Toolboxes\Data Management Tools.tbx\DeleteField" Date="20140611" Time="140939" export="">DeleteField I_Synergy.DBO_EID Shape_STAr;Shape_STLe</Process><Process Name="Delete Some Fields" ToolSource="c:\program files (x86)\arcgis\desktop10.1\ArcToolbox\Toolboxes\Data Management Tools.tbx\DeleteField" Date="20140611" Time="140941" export="">DeleteField I_Synergy.DBO_EID Shape_STAr;Shape_STLe</Process><Process Name="Delete Some Fields" ToolSource="c:\program files (x86)\arcgis\desktop10.1\ArcToolbox\Toolboxes\Data Management Tools.tbx\DeleteField" Date="20140611" Time="140942" export="">DeleteField I_Synergy.DBO_EID Shape_STAr;Shape_STLe</Process><Process Name="Delete Some Fields" ToolSource="c:\program files (x86)\arcgis\desktop10.1\ArcToolbox\Toolboxes\Data Management Tools.tbx\DeleteField" Date="20140611" Time="140943" export="">DeleteField I_Synergy.DBO_EID Shape_STAr;Shape_STLe</Process><Process Name="Delete Some Fields" ToolSource="c:\program files (x86)\arcgis\desktop10.1\ArcToolbox\Toolboxes\Data Management Tools.tbx\DeleteField" Date="20140611" Time="140945" export="">DeleteField I_Synergy.DBO_EID Shape_STAr;Shape_STLe</Process><Process Name="Delete Some Fields" ToolSource="c:\program files (x86)\arcgis\desktop10.1\ArcToolbox\Toolboxes\Data Management Tools.tbx\DeleteField" Date="20140611" Time="140946" export="">DeleteField I_Synergy.DBO_EID Shape_STAr;Shape_STLe</Process><Process Name="Delete Some Fields" ToolSource="c:\program files (x86)\arcgis\desktop10.1\ArcToolbox\Toolboxes\Data Management Tools.tbx\DeleteField" Date="20140611" Time="140947" export="">DeleteField I_Synergy.DBO_EID Shape_STAr;Shape_STLe</Process><Process Name="Delete Some Fields" ToolSource="c:\program files (x86)\arcgis\desktop10.1\ArcToolbox\Toolboxes\Data Management Tools.tbx\DeleteField" Date="20140611" Time="140949" export="">DeleteField I_Synergy.DBO_EID Shape_STAr;Shape_STLe</Process><Process Name="Delete Some Fields" ToolSource="c:\program files (x86)\arcgis\desktop10.1\ArcToolbox\Toolboxes\Data Management Tools.tbx\DeleteField" Date="20140611" Time="140950" export="">DeleteField I_Synergy.DBO_EID Shape_STAr;Shape_STLe</Process><Process Name="Delete Some Fields" ToolSource="c:\program files (x86)\arcgis\desktop10.1\ArcToolbox\Toolboxes\Data Management Tools.tbx\DeleteField" Date="20140611" Time="140951" export="">DeleteField I_Synergy.DBO_EID Shape_STAr;Shape_STLe</Process><Process Name="Delete Some Fields" ToolSource="c:\program files (x86)\arcgis\desktop10.1\ArcToolbox\Toolboxes\Data Management Tools.tbx\DeleteField" Date="20140611" Time="140953" export="">DeleteField I_Synergy.DBO_EID Shape_STAr;Shape_STLe</Process><Process Name="Delete Some Fields" ToolSource="c:\program files (x86)\arcgis\desktop10.1\ArcToolbox\Toolboxes\Data Management Tools.tbx\DeleteField" Date="20140611" Time="140954" export="">DeleteField I_Synergy.DBO_EID Shape_STAr;Shape_STLe</Process><Process Name="Delete Some Fields" ToolSource="c:\program files (x86)\arcgis\desktop10.1\ArcToolbox\Toolboxes\Data Management Tools.tbx\DeleteField" Date="20140611" Time="140955" export="">DeleteField I_Synergy.DBO_EID Shape_STAr;Shape_STLe</Process><Process Name="Delete Some Fields" ToolSource="c:\program files (x86)\arcgis\desktop10.1\ArcToolbox\Toolboxes\Data Management Tools.tbx\DeleteField" Date="20140611" Time="140956" export="">DeleteField I_Synergy.DBO_EID Shape_STAr;Shape_STLe</Process><Process Name="Delete Some Fields" ToolSource="c:\program files (x86)\arcgis\desktop10.1\ArcToolbox\Toolboxes\Data Management Tools.tbx\DeleteField" Date="20140611" Time="140958" export="">DeleteField I_Synergy.DBO_EID Shape_STAr;Shape_STLe</Process><Process Name="Delete Some Fields" ToolSource="c:\program files (x86)\arcgis\desktop10.1\ArcToolbox\Toolboxes\Data Management Tools.tbx\DeleteField" Date="20140611" Time="140959" export="">DeleteField I_Synergy.DBO_EID Shape_STAr;Shape_STLe</Process><Process Name="Delete Some Fields" ToolSource="c:\program files (x86)\arcgis\desktop10.1\ArcToolbox\Toolboxes\Data Management Tools.tbx\DeleteField" Date="20140611" Time="141000" export="">DeleteField I_Synergy.DBO_EID Shape_STAr;Shape_STLe</Process><Process Name="Delete Some Fields" ToolSource="c:\program files (x86)\arcgis\desktop10.1\ArcToolbox\Toolboxes\Data Management Tools.tbx\DeleteField" Date="20140611" Time="141002" export="">DeleteField I_Synergy.DBO_EID Shape_STAr;Shape_STLe</Process><Process Name="Delete Some Fields" ToolSource="c:\program files (x86)\arcgis\desktop10.1\ArcToolbox\Toolboxes\Data Management Tools.tbx\DeleteField" Date="20140611" Time="141004" export="">DeleteField I_Synergy.DBO_EID Shape_STAr;Shape_STLe</Process><Process Name="Delete Some Fields" ToolSource="c:\program files (x86)\arcgis\desktop10.1\ArcToolbox\Toolboxes\Data Management Tools.tbx\DeleteField" Date="20140611" Time="141006" export="">DeleteField I_Synergy.DBO_EID Shape_STAr;Shape_STLe</Process><Process Name="Delete Some Fields" ToolSource="c:\program files (x86)\arcgis\desktop10.1\ArcToolbox\Toolboxes\Data Management Tools.tbx\DeleteField" Date="20140611" Time="141007" export="">DeleteField I_Synergy.DBO_EID Shape_STAr;Shape_STLe</Process><Process Name="Delete Some Fields" ToolSource="c:\program files (x86)\arcgis\desktop10.1\ArcToolbox\Toolboxes\Data Management Tools.tbx\DeleteField" Date="20140611" Time="141008" export="">DeleteField I_Synergy.DBO_EID Shape_STAr;Shape_STLe</Process><Process Name="Delete Some Fields" ToolSource="c:\program files (x86)\arcgis\desktop10.1\ArcToolbox\Toolboxes\Data Management Tools.tbx\DeleteField" Date="20140611" Time="141009" export="">DeleteField I_Synergy.DBO_EID Shape_STAr;Shape_STLe</Process><Process Name="Delete Some Fields" ToolSource="c:\program files (x86)\arcgis\desktop10.1\ArcToolbox\Toolboxes\Data Management Tools.tbx\DeleteField" Date="20140611" Time="141010" export="">DeleteField I_Synergy.DBO_EID Shape_STAr;Shape_STLe</Process><Process Name="Delete Some Fields" ToolSource="c:\program files (x86)\arcgis\desktop10.1\ArcToolbox\Toolboxes\Data Management Tools.tbx\DeleteField" Date="20140611" Time="141011" export="">DeleteField I_Synergy.DBO_EID Shape_STAr;Shape_STLe</Process><Process Name="Delete Some Fields" ToolSource="c:\program files (x86)\arcgis\desktop10.1\ArcToolbox\Toolboxes\Data Management Tools.tbx\DeleteField" Date="20140611" Time="141012" export="">DeleteField I_Synergy.DBO_EID Shape_STAr;Shape_STLe</Process><Process Name="Delete Some Fields" ToolSource="c:\program files (x86)\arcgis\desktop10.1\ArcToolbox\Toolboxes\Data Management Tools.tbx\DeleteField" Date="20140611" Time="141014" export="">DeleteField I_Synergy.DBO_EID Shape_STAr;Shape_STLe</Process><Process Name="Delete Some Fields" ToolSource="c:\program files (x86)\arcgis\desktop10.1\ArcToolbox\Toolboxes\Data Management Tools.tbx\DeleteField" Date="20140611" Time="141015" export="">DeleteField I_Synergy.DBO_EID Shape_STAr;Shape_STLe</Process><Process Name="Delete Some Fields" ToolSource="c:\program files (x86)\arcgis\desktop10.1\ArcToolbox\Toolboxes\Data Management Tools.tbx\DeleteField" Date="20140611" Time="141017" export="">DeleteField I_Synergy.DBO_EID Shape_STAr;Shape_STLe</Process><Process Name="Delete Some Fields" ToolSource="c:\program files (x86)\arcgis\desktop10.1\ArcToolbox\Toolboxes\Data Management Tools.tbx\DeleteField" Date="20140611" Time="141018" export="">DeleteField I_Synergy.DBO_EID Shape_STAr;Shape_STLe</Process><Process Name="Delete Some Fields" ToolSource="c:\program files (x86)\arcgis\desktop10.1\ArcToolbox\Toolboxes\Data Management Tools.tbx\DeleteField" Date="20140611" Time="141019" export="">DeleteField I_Synergy.DBO_EID Shape_STAr;Shape_STLe</Process><Process Name="Delete Some Fields" ToolSource="c:\program files (x86)\arcgis\desktop10.1\ArcToolbox\Toolboxes\Data Management Tools.tbx\DeleteField" Date="20140611" Time="141021" export="">DeleteField I_Synergy.DBO_EID Shape_STAr;Shape_STLe</Process><Process Name="Delete Some Fields" ToolSource="c:\program files (x86)\arcgis\desktop10.1\ArcToolbox\Toolboxes\Data Management Tools.tbx\DeleteField" Date="20140611" Time="141022" export="">DeleteField I_Synergy.DBO_EID Shape_STAr;Shape_STLe</Process><Process Name="Delete Some Fields" ToolSource="c:\program files (x86)\arcgis\desktop10.1\ArcToolbox\Toolboxes\Data Management Tools.tbx\DeleteField" Date="20140611" Time="141023" export="">DeleteField I_Synergy.DBO_EID Shape_STAr;Shape_STLe</Process><Process Name="Delete Some Fields" ToolSource="c:\program files (x86)\arcgis\desktop10.1\ArcToolbox\Toolboxes\Data Management Tools.tbx\DeleteField" Date="20140611" Time="141025" export="">DeleteField I_Synergy.DBO_EID Shape_STAr;Shape_STLe</Process><Process Name="Delete Some Fields" ToolSource="c:\program files (x86)\arcgis\desktop10.1\ArcToolbox\Toolboxes\Data Management Tools.tbx\DeleteField" Date="20140611" Time="141026" export="">DeleteField I_Synergy.DBO_EID Shape_STAr;Shape_STLe</Process><Process Name="Delete Some Fields" ToolSource="c:\program files (x86)\arcgis\desktop10.1\ArcToolbox\Toolboxes\Data Management Tools.tbx\DeleteField" Date="20140611" Time="141027" export="">DeleteField I_Synergy.DBO_EID Shape_STAr;Shape_STLe</Process><Process Name="Delete Some Fields" ToolSource="c:\program files (x86)\arcgis\desktop10.1\ArcToolbox\Toolboxes\Data Management Tools.tbx\DeleteField" Date="20140611" Time="141028" export="">DeleteField I_Synergy.DBO_EID Shape_STAr;Shape_STLe</Process><Process Name="Delete Some Fields" ToolSource="c:\program files (x86)\arcgis\desktop10.1\ArcToolbox\Toolboxes\Data Management Tools.tbx\DeleteField" Date="20140611" Time="141030" export="">DeleteField I_Synergy.DBO_EID Shape_STAr;Shape_STLe</Process><Process Name="Delete Some Fields" ToolSource="c:\program files (x86)\arcgis\desktop10.1\ArcToolbox\Toolboxes\Data Management Tools.tbx\DeleteField" Date="20140611" Time="141031" export="">DeleteField I_Synergy.DBO_EID Shape_STAr;Shape_STLe</Process><Process Name="Delete Some Fields" ToolSource="c:\program files (x86)\arcgis\desktop10.1\ArcToolbox\Toolboxes\Data Management Tools.tbx\DeleteField" Date="20140611" Time="141032" export="">DeleteField I_Synergy.DBO_EID Shape_STAr;Shape_STLe</Process><Process Name="Delete Some Fields" ToolSource="c:\program files (x86)\arcgis\desktop10.1\ArcToolbox\Toolboxes\Data Management Tools.tbx\DeleteField" Date="20140611" Time="141033" export="">DeleteField I_Synergy.DBO_EID Shape_STAr;Shape_STLe</Process><Process Name="Delete Some Fields" ToolSource="c:\program files (x86)\arcgis\desktop10.1\ArcToolbox\Toolboxes\Data Management Tools.tbx\DeleteField" Date="20140611" Time="141035" export="">DeleteField I_Synergy.DBO_EID Shape_STAr;Shape_STLe</Process><Process Name="Delete Some Fields" ToolSource="c:\program files (x86)\arcgis\desktop10.1\ArcToolbox\Toolboxes\Data Management Tools.tbx\DeleteField" Date="20140611" Time="141036" export="">DeleteField I_Synergy.DBO_EID Shape_STAr;Shape_STLe</Process><Process Name="Delete Some Fields" ToolSource="c:\program files (x86)\arcgis\desktop10.1\ArcToolbox\Toolboxes\Data Management Tools.tbx\DeleteField" Date="20140611" Time="141038" export="">DeleteField I_Synergy.DBO_EID Shape_STAr;Shape_STLe</Process><Process Name="Delete Some Fields" ToolSource="c:\program files (x86)\arcgis\desktop10.1\ArcToolbox\Toolboxes\Data Management Tools.tbx\DeleteField" Date="20140611" Time="141039" export="">DeleteField I_Synergy.DBO_EID Shape_STAr;Shape_STLe</Process><Process Name="Delete Some Fields" ToolSource="c:\program files (x86)\arcgis\desktop10.1\ArcToolbox\Toolboxes\Data Management Tools.tbx\DeleteField" Date="20140611" Time="141040" export="">DeleteField I_Synergy.DBO_EID Shape_STAr;Shape_STLe</Process><Process Name="Delete Some Fields" ToolSource="c:\program files (x86)\arcgis\desktop10.1\ArcToolbox\Toolboxes\Data Management Tools.tbx\DeleteField" Date="20140611" Time="141040" export="">DeleteField I_Synergy.DBO_EID Shape_STAr;Shape_STLe</Process><Process Name="Delete Some Fields" ToolSource="c:\program files (x86)\arcgis\desktop10.1\ArcToolbox\Toolboxes\Data Management Tools.tbx\DeleteField" Date="20140611" Time="141042" export="">DeleteField I_Synergy.DBO_EID Shape_STAr;Shape_STLe</Process><Process Name="Delete Some Fields" ToolSource="c:\program files (x86)\arcgis\desktop10.1\ArcToolbox\Toolboxes\Data Management Tools.tbx\DeleteField" Date="20140611" Time="141043" export="">DeleteField I_Synergy.DBO_EID Shape_STAr;Shape_STLe</Process><Process Name="Delete Some Fields" ToolSource="c:\program files (x86)\arcgis\desktop10.1\ArcToolbox\Toolboxes\Data Management Tools.tbx\DeleteField" Date="20140611" Time="141044" export="">DeleteField I_Synergy.DBO_EID Shape_STAr;Shape_STLe</Process><Process Name="Delete Some Fields" ToolSource="c:\program files (x86)\arcgis\desktop10.1\ArcToolbox\Toolboxes\Data Management Tools.tbx\DeleteField" Date="20140611" Time="141045" export="">DeleteField I_Synergy.DBO_EID Shape_STAr;Shape_STLe</Process><Process Name="Delete Some Fields" ToolSource="c:\program files (x86)\arcgis\desktop10.1\ArcToolbox\Toolboxes\Data Management Tools.tbx\DeleteField" Date="20140611" Time="141046" export="">DeleteField I_Synergy.DBO_EID Shape_STAr;Shape_STLe</Process><Process Name="Delete Some Fields" ToolSource="c:\program files (x86)\arcgis\desktop10.1\ArcToolbox\Toolboxes\Data Management Tools.tbx\DeleteField" Date="20140611" Time="141047" export="">DeleteField I_Synergy.DBO_EID Shape_STAr;Shape_STLe</Process><Process Name="Delete Some Fields" ToolSource="c:\program files (x86)\arcgis\desktop10.1\ArcToolbox\Toolboxes\Data Management Tools.tbx\DeleteField" Date="20140611" Time="141048" export="">DeleteField I_Synergy.DBO_EID Shape_STAr;Shape_STLe</Process><Process Name="Delete Some Fields" ToolSource="c:\program files (x86)\arcgis\desktop10.1\ArcToolbox\Toolboxes\Data Management Tools.tbx\DeleteField" Date="20140611" Time="141050" export="">DeleteField I_Synergy.DBO_EID Shape_STAr;Shape_STLe</Process><Process Name="Delete Some Fields" ToolSource="c:\program files (x86)\arcgis\desktop10.1\ArcToolbox\Toolboxes\Data Management Tools.tbx\DeleteField" Date="20140611" Time="141051" export="">DeleteField I_Synergy.DBO_EID Shape_STAr;Shape_STLe</Process><Process ToolSource="c:\program files (x86)\arcgis\desktop10.2\ArcToolbox\Toolboxes\Data Management Tools.tbx\CalculateField" Date="20140728" Time="134218" Name="" export="">CalculateField Synergy.DBO.SCW_ELS_BND NAME !NAME!.title() PYTHON_9.3 #</Process><Process ToolSource="d:\program files (x86)\arcgis\desktop10.3\ArcToolbox\Toolboxes\Conversion Tools.tbx\FeatureClassToFeatureClass" Date="20150303" Time="125619" Name="" export="">FeatureClassToFeatureClass "Database Connections\SynergyProd at 9750-w2k8-gis10.sde\Synergy.DBO.Schools\Synergy.DBO.SCW_ELS_BND_20152016" "Database Connections\SynergyProd.sde\SYNERGY.DBO.Schools20152016" SCW_ElementarySchool_BND_20152016 # "EID "EID" true true false 5 Text 0 0 ,First,#,Database Connections\SynergyProd at 9750-w2k8-gis10.sde\Synergy.DBO.Schools\Synergy.DBO.SCW_ELS_BND_20152016,EID,-1,-1;NAME "NAME" true true false 50 Text 0 0 ,First,#,Database Connections\SynergyProd at 9750-w2k8-gis10.sde\Synergy.DBO.Schools\Synergy.DBO.SCW_ELS_BND_20152016,NAME,-1,-1;SEQ "SEQ" true true false 2 Short 0 5 ,First,#,Database Connections\SynergyProd at 9750-w2k8-gis10.sde\Synergy.DBO.Schools\Synergy.DBO.SCW_ELS_BND_20152016,SEQ,-1,-1;EID_LABEL "EID_LABEL" true true false 50 Text 0 0 ,First,#,Database Connections\SynergyProd at 9750-w2k8-gis10.sde\Synergy.DBO.Schools\Synergy.DBO.SCW_ELS_BND_20152016,EID_LABEL,-1,-1;Shape_STArea() "Shape_STArea()" false false true 0 Double 0 0 ,First,#,Database Connections\SynergyProd at 9750-w2k8-gis10.sde\Synergy.DBO.Schools\Synergy.DBO.SCW_ELS_BND_20152016,Shape.STArea(),-1,-1;Shape_STLength() "Shape_STLength()" false false true 0 Double 0 0 ,First,#,Database Connections\SynergyProd at 9750-w2k8-gis10.sde\Synergy.DBO.Schools\Synergy.DBO.SCW_ELS_BND_20152016,Shape.STLength(),-1,-1" #</Process><Process ToolSource="d:\program files (x86)\arcgis\desktop10.3\ArcToolbox\Toolboxes\Conversion Tools.tbx\FeatureClassToFeatureClass" Date="20150303" Time="130036" Name="" export="">FeatureClassToFeatureClass SYNERGY.DBO.SCW_ElementarySchool_BND_20152016 "Database Connections\SynergyProd.sde\SYNERGY.DBO.Schools20152016" SCW_ElementarySchool_BND_201520161 # "EID "EID" true true false 5 Text 0 0 ,First,#,SYNERGY.DBO.SCW_ElementarySchool_BND_20152016,EID,-1,-1;EID_NAME "NAME" true true false 50 Text 0 0 ,First,#,SYNERGY.DBO.SCW_ElementarySchool_BND_20152016,NAME,-1,-1;Shape_STArea() "Shape_STArea()" false true true 0 Double 0 0 ,First,#,SYNERGY.DBO.SCW_ElementarySchool_BND_20152016,Shape.STArea(),-1,-1;Shape_STLength() "Shape_STLength()" false true true 0 Double 0 0 ,First,#,SYNERGY.DBO.SCW_ElementarySchool_BND_20152016,Shape.STLength(),-1,-1" #</Process><Process ToolSource="d:\program files (x86)\arcgis\desktop10.3\ArcToolbox\Toolboxes\Conversion Tools.tbx\FeatureClassToFeatureClass" Date="20150506" Time="110752" Name="" export="">FeatureClassToFeatureClass SCW_ElementarySchool_BND_20152016 P:\TopologyCheck\2015-2016\TopologyCheck.gdb SCW_ElementarySchool_BND_20152016 # "EID "EID" true true false 5 Text 0 0 ,First,#,SCW_ElementarySchool_BND_20152016,EID,-1,-1;EID_NAME "NAME" true true false 50 Text 0 0 ,First,#,SCW_ElementarySchool_BND_20152016,EID_NAME,-1,-1" #</Process><Process ToolSource="d:\program files (x86)\arcgis\desktop10.3\ArcToolbox\Toolboxes\Data Management Tools.tbx\CopyFeatures" Date="20150508" Time="125900" Name="" export="">CopyFeatures SCW_ElementarySchool_BND_20152016 "F:\common\2015-2016 School Boundaries 2015.05.08\SCW_ElementarySchool_BND_20152016.shp" # 0 0 0</Process><Process ToolSource="d:\program files (x86)\arcgis\desktop10.3\ArcToolbox\Toolboxes\Data Management Tools.tbx\CopyFeatures" Date="20150527" Time="074722" Name="" export="">CopyFeatures "C:\Users\zarratg\Downloads\2015-2016 School Boundaries 2015.05.08\2015-2016 School Boundaries 2015.05.08\SCW_ElementarySchool_BND_20152016.shp" C:\Users\zarratg\Documents\ArcGIS\Boundaries20152016ForGM.gdb\SCW_ElementarySchool_BND_20152016 # 0 0 0</Process><Process ToolSource="d:\program files (x86)\arcgis\desktop10.3\ArcToolbox\Toolboxes\Conversion Tools.tbx\FeatureClassToFeatureClass" Date="20150527" Time="075535">FeatureClassToFeatureClass C:\Users\zarratg\Documents\ArcGIS\Boundaries20152016ForGM.gdb\SCW_ElementarySchool_BND_20152016 Q:\GIS_Users\wheelam\SchoolBoundaries20152016 SCW_ElementarySchool_BND_20152016.shp # "EID "EID" true true false 5 Text 0 0 ,First,#,C:\Users\zarratg\Documents\ArcGIS\Boundaries20152016ForGM.gdb\SCW_ElementarySchool_BND_20152016,EID,-1,-1;EID_NAME "EID_NAME" true true false 50 Text 0 0 ,First,#,C:\Users\zarratg\Documents\ArcGIS\Boundaries20152016ForGM.gdb\SCW_ElementarySchool_BND_20152016,EID_NAME,-1,-1" #</Process><Process ToolSource="d:\program files (x86)\arcgis\desktop10.3\ArcToolbox\Toolboxes\Conversion Tools.tbx\FeatureClassToFeatureClass" Date="20150622" Time="151541">FeatureClassToFeatureClass SCW_ElementarySchool_BND_20152016 E:\GIS_Users\zarratg\Tmp7\TestingTopology.gdb\TopologyCheck SCW_ElementarySchool_BND_20152016 # "EID "EID" true true false 5 Text 0 0 ,First,#,SCW_ElementarySchool_BND_20152016,EID,-1,-1;EID_NAME "EID_NAME" true true false 50 Text 0 0 ,First,#,SCW_ElementarySchool_BND_20152016,EID_NAME,-1,-1" #</Process><Process ToolSource="d:\program files (x86)\arcgis\desktop10.3\ArcToolbox\Toolboxes\Conversion Tools.tbx\FeatureClassToFeatureClass" Date="20150622" Time="153314">FeatureClassToFeatureClass E:\GIS_Users\zarratg\Tmp7\TestingTopology.gdb\TopologyCheck\SCW_ElementarySchool_BND_20152016 "Database Connections\SynergyProd.sde\SYNERGY.DBO.Schools_20152016" SCW_ELS_BND_20152016 # "EID "EID" true true false 5 Text 0 0 ,First,#,E:\GIS_Users\zarratg\Tmp7\TestingTopology.gdb\TopologyCheck\SCW_ElementarySchool_BND_20152016,EID,-1,-1;EID_NAME "EID_NAME" true true false 50 Text 0 0 ,First,#,E:\GIS_Users\zarratg\Tmp7\TestingTopology.gdb\TopologyCheck\SCW_ElementarySchool_BND_20152016,EID_NAME,-1,-1" GEOMETRY</Process><Process ToolSource="d:\program files (x86)\arcgis\desktop10.3\ArcToolbox\Toolboxes\Conversion Tools.tbx\FeatureClassToFeatureClass" Date="20160721" Time="115925">FeatureClassToFeatureClass "Database Connections\SynergyProd.sde\SYNERGY.DBO.Schools_20162017\SYNERGY.DBO.SCW_ELS_BND_20162017" "Database Connections\SynergyProd.sde\SYNERGY.DBO.Schools_20172018" SCW_ELS_BND_20172018 # "EID "EID" true true false 5 Text 0 0 ,First,#,Database Connections\SynergyProd.sde\SYNERGY.DBO.Schools_20162017\SYNERGY.DBO.SCW_ELS_BND_20162017,EID,-1,-1;EID_NAME "EID_NAME" true true false 50 Text 0 0 ,First,#,Database Connections\SynergyProd.sde\SYNERGY.DBO.Schools_20162017\SYNERGY.DBO.SCW_ELS_BND_20162017,EID_NAME,-1,-1;Shape_STLength__ "Shape_STLength__" true false false 8 Double 8 38 ,First,#,Database Connections\SynergyProd.sde\SYNERGY.DBO.Schools_20162017\SYNERGY.DBO.SCW_ELS_BND_20162017,Shape_STLength__,-1,-1;Shape_STArea() "Shape_STArea()" false false true 0 Double 0 0 ,First,#,Database Connections\SynergyProd.sde\SYNERGY.DBO.Schools_20162017\SYNERGY.DBO.SCW_ELS_BND_20162017,Shape.STArea(),-1,-1;Shape_STLength() "Shape_STLength()" false false true 0 Double 0 0 ,First,#,Database Connections\SynergyProd.sde\SYNERGY.DBO.Schools_20162017\SYNERGY.DBO.SCW_ELS_BND_20162017,Shape.STLength(),-1,-1" #</Process><Process ToolSource="d:\program files (x86)\arcgis\desktop10.3\ArcToolbox\Toolboxes\Conversion Tools.tbx\FeatureClassToFeatureClass" Date="20170221" Time="150236">FeatureClassToFeatureClass "Database Connections\SynergyProd.sde\SYNERGY.DBO.Schools_20172018\SYNERGY.DBO.SCW_ELS_BND_20172018" "Database Connections\SynergyDev.sde\SYNERGY.DBO.Schools1718" SCW_ELS_BND_20172018 # "EID "EID" true true false 5 Text 0 0 ,First,#,Database Connections\SynergyProd.sde\SYNERGY.DBO.Schools_20172018\SYNERGY.DBO.SCW_ELS_BND_20172018,EID,-1,-1;EID_NAME "EID_NAME" true true false 50 Text 0 0 ,First,#,Database Connections\SynergyProd.sde\SYNERGY.DBO.Schools_20172018\SYNERGY.DBO.SCW_ELS_BND_20172018,EID_NAME,-1,-1;Shape_STArea() "Shape_STArea()" false false true 0 Double 0 0 ,First,#,Database Connections\SynergyProd.sde\SYNERGY.DBO.Schools_20172018\SYNERGY.DBO.SCW_ELS_BND_20172018,Shape.STArea(),-1,-1;Shape_STLength() "Shape_STLength()" false false true 0 Double 0 0 ,First,#,Database Connections\SynergyProd.sde\SYNERGY.DBO.Schools_20172018\SYNERGY.DBO.SCW_ELS_BND_20172018,Shape.STLength(),-1,-1" #</Process><Process ToolSource="d:\program files (x86)\arcgis\desktop10.3\ArcToolbox\Toolboxes\Data Management Tools.tbx\Append" Date="20170221" Time="164152">Append SYNERGY.DBO.NewFishhawkCreek;New_6_Collins;New_5_Sessums;New_4_Summerfield;New_3_Boyette;New_2_Stowers;New_1_ElementaryC "Database Connections\SynergyDev.sde\SYNERGY.DBO.Schools1718\SYNERGY.DBO.SCW_ELS_BND_20172018" NO_TEST "EID "EID" true true false 5 Text 0 0 ,First,#,New_6_Collins,EID,-1,-1,New_5_Sessums,EID,-1,-1,New_4_Summerfield,EID,-1,-1,New_3_Boyette,EID,-1,-1,New_2_Stowers,EID,-1,-1,New_1_ElementaryC,EID,-1,-1;EID_NAME "EID_NAME" true true false 50 Text 0 0 ,First,#,New_6_Collins,EID_NAME,-1,-1,New_5_Sessums,EID_NAME,-1,-1,New_4_Summerfield,EID_NAME,-1,-1,New_3_Boyette,EID_NAME,-1,-1,New_2_Stowers,EID_NAME,-1,-1,New_1_ElementaryC,EID_NAME,-1,-1;Shape_STArea__ "Shape_STArea__" true false false 8 Double 8 38 ,First,#;Shape_STLength__ "Shape_STLength__" true false false 8 Double 8 38 ,First,#;Shape.STArea() "Shape.STArea()" false false true 0 Double 0 0 ,First,#,SYNERGY.DBO.NewFishhawkCreek,Shape.STArea(),-1,-1;Shape.STLength() "Shape.STLength()" false false true 0 Double 0 0 ,First,#,SYNERGY.DBO.NewFishhawkCreek,Shape.STLength(),-1,-1" #</Process><Process ToolSource="d:\program files (x86)\arcgis\desktop10.3\ArcToolbox\Toolboxes\Conversion Tools.tbx\FeatureClassToFeatureClass" Date="20170221" Time="171914">FeatureClassToFeatureClass SYNERGY.DBO.SCW_ELS_BND_20172018 "Database Connections\SynergyProd.sde\SYNERGY.DBO.Schools_20172018" SCW_ELS_BND_20172018_new # "EID "EID" true true false 5 Text 0 0 ,First,#,SYNERGY.DBO.SCW_ELS_BND_20172018,EID,-1,-1;EID_NAME "EID_NAME" true true false 50 Text 0 0 ,First,#,SYNERGY.DBO.SCW_ELS_BND_20172018,EID_NAME,-1,-1;Shape_STArea__ "Shape_STArea__" true true false 8 Double 8 38 ,First,#,SYNERGY.DBO.SCW_ELS_BND_20172018,Shape_STArea__,-1,-1;Shape_STLength__ "Shape_STLength__" true true false 8 Double 8 38 ,First,#,SYNERGY.DBO.SCW_ELS_BND_20172018,Shape_STLength__,-1,-1;Shape_STArea() "Shape_STArea()" false true true 0 Double 0 0 ,First,#,SYNERGY.DBO.SCW_ELS_BND_20172018,Shape.STArea(),-1,-1;Shape_STLength() "Shape_STLength()" false true true 0 Double 0 0 ,First,#,SYNERGY.DBO.SCW_ELS_BND_20172018,Shape.STLength(),-1,-1" #</Process><Process ToolSource="d:\program files (x86)\arcgis\desktop10.3\ArcToolbox\Toolboxes\Data Management Tools.tbx\Append" Date="20170223" Time="163711">Append ElemC_back_to_Stowers2;New_2_Stowers_Dissolve 1718BndsIncorrect NO_TEST "OBJECTID "OBJECTID" true false false 10 Long 0 10 ,First,#;EID "EID" true false false 5 Text 0 0 ,First,#,ElemC_back_to_Stowers2,EID,-1,-1;EID_NAME "EID_NAME" true false false 50 Text 0 0 ,First,#,ElemC_back_to_Stowers2,EID_NAME,-1,-1;Shape_STAr "Shape_STAr" true false false 19 Double 0 0 ,First,#;Shape_STLe "Shape_STLe" true false false 19 Double 0 0 ,First,#" #</Process><Process ToolSource="d:\program files (x86)\arcgis\desktop10.3\ArcToolbox\Toolboxes\Conversion Tools.tbx\FeatureClassToFeatureClass" Date="20170223" Time="163831">FeatureClassToFeatureClass 1718BndsIncorrect C:\Users\carmido\Documents\ArcGIS\Default.gdb\ELS1718 ELS_20172018V2 # "OBJECTID "OBJECTID" true true false 10 Long 0 10 ,First,#,1718BndsIncorrect,OBJECTID,-1,-1;EID "EID" true true false 5 Text 0 0 ,First,#,1718BndsIncorrect,EID,-1,-1;EID_NAME "EID_NAME" true true false 50 Text 0 0 ,First,#,1718BndsIncorrect,EID_NAME,-1,-1;Shape_STAr "Shape_STAr" true true false 19 Double 0 0 ,First,#,1718BndsIncorrect,Shape_STAr,-1,-1;Shape_STLe "Shape_STLe" true true false 19 Double 0 0 ,First,#,1718BndsIncorrect,Shape_STLe,-1,-1" #</Process><Process ToolSource="d:\program files (x86)\arcgis\desktop10.3\ArcToolbox\Toolboxes\Conversion Tools.tbx\FeatureClassToFeatureClass" Date="20170223" Time="164843">FeatureClassToFeatureClass ELS_20172018V2 "Database Connections\SynergyProd.sde\SYNERGY.DBO.Schools_20172018" SCW_ELS_BND_20172018V2 # "EID "EID" true true false 5 Text 0 0 ,First,#,ELS_20172018V2,EID,-1,-1;EID_NAME "EID_NAME" true true false 50 Text 0 0 ,First,#,ELS_20172018V2,EID_NAME,-1,-1;Shape_STAr "Shape_STAr" true true false 8 Double 0 0 ,First,#,ELS_20172018V2,Shape_STAr,-1,-1;Shape_STLe "Shape_STLe" true true false 8 Double 0 0 ,First,#,ELS_20172018V2,Shape_STLe,-1,-1;Shape_Length "Shape_Length" false true true 8 Double 0 0 ,First,#,ELS_20172018V2,Shape_Length,-1,-1;Shape_Area "Shape_Area" false true true 8 Double 0 0 ,First,#,ELS_20172018V2,Shape_Area,-1,-1" #</Process><Process ToolSource="d:\program files (x86)\arcgis\desktop10.3\ArcToolbox\Toolboxes\Conversion Tools.tbx\FeatureClassToFeatureClass" Date="20170323" Time="140225">FeatureClassToFeatureClass SYNERGY.DBO.SCW_ELS_BND_20172018 C:\Users\carmido\Documents\ArcGIS\Default.gdb\BoundaryLayers20172018 SCW_ELS_BND_20172018copy_prod # "EID "EID" true true false 5 Text 0 0 ,First,#,SYNERGY.DBO.SCW_ELS_BND_20172018,EID,-1,-1;EID_NAME "EID_NAME" true true false 50 Text 0 0 ,First,#,SYNERGY.DBO.SCW_ELS_BND_20172018,EID_NAME,-1,-1;Shape_STArea() "Shape_STArea()" false true true 0 Double 0 0 ,First,#,SYNERGY.DBO.SCW_ELS_BND_20172018,Shape.STArea(),-1,-1;Shape_STLength() "Shape_STLength()" false true true 0 Double 0 0 ,First,#,SYNERGY.DBO.SCW_ELS_BND_20172018,Shape.STLength(),-1,-1" #</Process><Process ToolSource="d:\program files (x86)\arcgis\desktop10.3\ArcToolbox\Toolboxes\Data Management Tools.tbx\Append" Date="20170323" Time="140746">Append SCW_ELS_BND_20162017copy SCW_ELS_BND_20172018copy_prod NO_TEST "EID "EID" true true false 5 Text 0 0 ,First,#,SCW_ELS_BND_20162017copy,EID,-1,-1;EID_NAME "EID_NAME" true true false 50 Text 0 0 ,First,#,SCW_ELS_BND_20162017copy,EID_NAME,-1,-1;Shape_STArea__ "Shape_STArea__" true true false 8 Double 0 0 ,First,#,SCW_ELS_BND_20162017copy,Shape_STArea__,-1,-1;Shape_STLength__ "Shape_STLength__" true true false 8 Double 0 0 ,First,#,SCW_ELS_BND_20162017copy,Shape_STLength__,-1,-1;Shape_Length "Shape_Length" false true true 8 Double 0 0 ,First,#,SCW_ELS_BND_20162017copy,Shape_Length,-1,-1;Shape_Area "Shape_Area" false true true 8 Double 0 0 ,First,#,SCW_ELS_BND_20162017copy,Shape_Area,-1,-1" #</Process><Process ToolSource="d:\program files (x86)\arcgis\desktop10.3\ArcToolbox\Toolboxes\Conversion Tools.tbx\FeatureClassToFeatureClass" Date="20170323" Time="152235">FeatureClassToFeatureClass C:\Users\carmido\Documents\ArcGIS\Default.gdb\BoundaryLayers20172018\SCW_ELS_BND_20172018copy_prod "Database Connections\SynergyProd.sde\SYNERGY.DBO.Schools_20182019" SCW_ELS_BND_20182019 # "EID "EID" true true false 5 Text 0 0 ,First,#,C:\Users\carmido\Documents\ArcGIS\Default.gdb\BoundaryLayers20172018\SCW_ELS_BND_20172018copy_prod,EID,-1,-1;EID_NAME "EID_NAME" true true false 50 Text 0 0 ,First,#,C:\Users\carmido\Documents\ArcGIS\Default.gdb\BoundaryLayers20172018\SCW_ELS_BND_20172018copy_prod,EID_NAME,-1,-1;Shape_STArea__ "Shape_STArea__" true true false 8 Double 0 0 ,First,#,C:\Users\carmido\Documents\ArcGIS\Default.gdb\BoundaryLayers20172018\SCW_ELS_BND_20172018copy_prod,Shape_STArea__,-1,-1;Shape_STLength__ "Shape_STLength__" true true false 8 Double 0 0 ,First,#,C:\Users\carmido\Documents\ArcGIS\Default.gdb\BoundaryLayers20172018\SCW_ELS_BND_20172018copy_prod,Shape_STLength__,-1,-1;Shape_Length "Shape_Length" false true true 8 Double 0 0 ,First,#,C:\Users\carmido\Documents\ArcGIS\Default.gdb\BoundaryLayers20172018\SCW_ELS_BND_20172018copy_prod,Shape_Length,-1,-1;Shape_Area "Shape_Area" false true true 8 Double 0 0 ,First,#,C:\Users\carmido\Documents\ArcGIS\Default.gdb\BoundaryLayers20172018\SCW_ELS_BND_20172018copy_prod,Shape_Area,-1,-1" #</Process><Process ToolSource="d:\program files (x86)\arcgis\desktop10.3\ArcToolbox\Toolboxes\Conversion Tools.tbx\FeatureClassToFeatureClass" Date="20170327" Time="102401">FeatureClassToFeatureClass SYNERGY.DBO.SCW_ELS_BND_20182019 "Database Connections\SynergyDev.sde\SYNERGY.DBO.Schools_20182019" SCW_ELS_BND_20182019 # "EID "EID" true true false 5 Text 0 0 ,First,#,SYNERGY.DBO.SCW_ELS_BND_20182019,EID,-1,-1;EID_NAME "EID_NAME" true true false 50 Text 0 0 ,First,#,SYNERGY.DBO.SCW_ELS_BND_20182019,EID_NAME,-1,-1;Shape_STArea() "Shape_STArea()" false true true 0 Double 0 0 ,First,#,SYNERGY.DBO.SCW_ELS_BND_20182019,Shape.STArea(),-1,-1;Shape_STLength() "Shape_STLength()" false true true 0 Double 0 0 ,First,#,SYNERGY.DBO.SCW_ELS_BND_20182019,Shape.STLength(),-1,-1" #</Process><Process ToolSource="d:\program files (x86)\arcgis\desktop10.3\ArcToolbox\Toolboxes\Conversion Tools.tbx\FeatureClassToFeatureClass" Date="20170622" Time="154448">FeatureClassToFeatureClass "Database Connections\SynergyDev.sde\SYNERGY.DBO.Schools_20182019\SYNERGY.DBO.SCW_ELS_BND_20182019" "Database Connections\SynergyProd.sde\SYNERGY.DBO.Schools_20182019_4326" SCW_ELS_BND_20182019_4326 # "EID "EID" true true false 5 Text 0 0 ,First,#,Database Connections\SynergyDev.sde\SYNERGY.DBO.Schools_20182019\SYNERGY.DBO.SCW_ELS_BND_20182019,EID,-1,-1;EID_NAME "EID_NAME" true true false 50 Text 0 0 ,First,#,Database Connections\SynergyDev.sde\SYNERGY.DBO.Schools_20182019\SYNERGY.DBO.SCW_ELS_BND_20182019,EID_NAME,-1,-1;Shape_STArea() "Shape_STArea()" false false true 0 Double 0 0 ,First,#,Database Connections\SynergyDev.sde\SYNERGY.DBO.Schools_20182019\SYNERGY.DBO.SCW_ELS_BND_20182019,Shape.STArea(),-1,-1;Shape_STLength() "Shape_STLength()" false false true 0 Double 0 0 ,First,#,Database Connections\SynergyDev.sde\SYNERGY.DBO.Schools_20182019\SYNERGY.DBO.SCW_ELS_BND_20182019,Shape.STLength(),-1,-1" #</Process><Process ToolSource="d:\program files (x86)\arcgis\desktop10.3\ArcToolbox\Toolboxes\Conversion Tools.tbx\FeatureClassToFeatureClass" Date="20170705" Time="170030">FeatureClassToFeatureClass "Database Connections\SynergyProd.sde\SYNERGY.DBO.Schools_20182019\SYNERGY.DBO.SCW_ELS_BND_20182019" "S:\GIS_Users\carmido\Shapefiles\School Boundary Shapefiles\20182019\Prod" SCW_ELS_BND_20182019.shp # "EID "EID" true true false 5 Text 0 0 ,First,#,Database Connections\SynergyProd.sde\SYNERGY.DBO.Schools_20182019\SYNERGY.DBO.SCW_ELS_BND_20182019,EID,-1,-1;EID_NAME "EID_NAME" true true false 50 Text 0 0 ,First,#,Database Connections\SynergyProd.sde\SYNERGY.DBO.Schools_20182019\SYNERGY.DBO.SCW_ELS_BND_20182019,EID_NAME,-1,-1;Shape_STAr "Shape_STAr" false false true 0 Double 0 0 ,First,#,Database Connections\SynergyProd.sde\SYNERGY.DBO.Schools_20182019\SYNERGY.DBO.SCW_ELS_BND_20182019,Shape.STArea(),-1,-1;Shape_STLe "Shape_STLe" false false true 0 Double 0 0 ,First,#,Database Connections\SynergyProd.sde\SYNERGY.DBO.Schools_20182019\SYNERGY.DBO.SCW_ELS_BND_20182019,Shape.STLength(),-1,-1" #</Process><Process ToolSource="d:\program files (x86)\arcgis\desktop10.3\ArcToolbox\Toolboxes\Conversion Tools.tbx\FeatureClassToFeatureClass" Date="20170706" Time="074023">FeatureClassToFeatureClass "S:\GIS_Users\carmido\Shapefiles\School Boundary Shapefiles\20182019\Prod\SCW_ELS_BND_20182019.shp" "Database Connections\SynergyProd.sde\SYNERGY.DBO.Schools_20182019" SCW_ELS_BND_20182019 # "EID "EID" true true false 5 Text 0 0 ,First,#,S:\GIS_Users\carmido\Shapefiles\School Boundary Shapefiles\20182019\Prod\SCW_ELS_BND_20182019.shp,EID,-1,-1;EID_NAME "EID_NAME" true true false 50 Text 0 0 ,First,#,S:\GIS_Users\carmido\Shapefiles\School Boundary Shapefiles\20182019\Prod\SCW_ELS_BND_20182019.shp,EID_NAME,-1,-1;Shape_STAr "Shape_STAr" true true false 19 Double 0 0 ,First,#,S:\GIS_Users\carmido\Shapefiles\School Boundary Shapefiles\20182019\Prod\SCW_ELS_BND_20182019.shp,Shape_STAr,-1,-1;Shape_STLe "Shape_STLe" true true false 19 Double 0 0 ,First,#,S:\GIS_Users\carmido\Shapefiles\School Boundary Shapefiles\20182019\Prod\SCW_ELS_BND_20182019.shp,Shape_STLe,-1,-1" #</Process><Process ToolSource="d:\program files (x86)\arcgis\desktop10.3\ArcToolbox\Toolboxes\Conversion Tools.tbx\FeatureClassToFeatureClass" Date="20180404" Time="130742">FeatureClassToFeatureClass SYNERGY.DBO.SCW_ELS_BND_20182019 "Database Connections\SynergyDev.sde\SYNERGY.DBO.BoundaryCleanups20182019" SCW_ELS_BND_20182019_old # "EID "EID" true true false 5 Text 0 0 ,First,#,SYNERGY.DBO.SCW_ELS_BND_20182019,EID,-1,-1;EID_NAME "EID_NAME" true true false 50 Text 0 0 ,First,#,SYNERGY.DBO.SCW_ELS_BND_20182019,EID_NAME,-1,-1;Shape_STArea() "Shape_STArea()" false true true 0 Double 0 0 ,First,#,SYNERGY.DBO.SCW_ELS_BND_20182019,Shape.STArea(),-1,-1;Shape_STLength() "Shape_STLength()" false true true 0 Double 0 0 ,First,#,SYNERGY.DBO.SCW_ELS_BND_20182019,Shape.STLength(),-1,-1" #</Process><Process ToolSource="d:\program files (x86)\arcgis\desktop10.3\ArcToolbox\Toolboxes\Conversion Tools.tbx\FeatureClassToFeatureClass" Date="20180710" Time="161132">FeatureClassToFeatureClass SYNERGY.DBO.SCW_ELS_BND_20182019_old "Database Connections\SynergyProd.sde\SYNERGY.DBO.Schools_20182019" SCW_ELS_BND_20182019_old # "EID "EID" true true false 5 Text 0 0 ,First,#,SYNERGY.DBO.SCW_ELS_BND_20182019_old,EID,-1,-1;EID_NAME "EID_NAME" true true false 50 Text 0 0 ,First,#,SYNERGY.DBO.SCW_ELS_BND_20182019_old,EID_NAME,-1,-1;Shape_STArea() "Shape_STArea()" false true true 0 Double 0 0 ,First,#,SYNERGY.DBO.SCW_ELS_BND_20182019_old,Shape.STArea(),-1,-1;Shape_STLength() "Shape_STLength()" false true true 0 Double 0 0 ,First,#,SYNERGY.DBO.SCW_ELS_BND_20182019_old,Shape.STLength(),-1,-1" #</Process><Process ToolSource="d:\program files (x86)\arcgis\desktop10.3\ArcToolbox\Toolboxes\Conversion Tools.tbx\FeatureClassToFeatureClass" Date="20190123" Time="070833">FeatureClassToFeatureClass SYNERGY.DBO.SCW_ELS_BND_20182019 "Database Connections\SynergyDev.sde\SYNERGY.DBO.Schools_20182019" SCW_ELS_BND_20182019_ProdCopy # "EID "EID" true true false 5 Text 0 0 ,First,#,SYNERGY.DBO.SCW_ELS_BND_20182019,EID,-1,-1;EID_NAME "EID_NAME" true true false 50 Text 0 0 ,First,#,SYNERGY.DBO.SCW_ELS_BND_20182019,EID_NAME,-1,-1;Shape_STArea() "Shape_STArea()" false true true 0 Double 0 0 ,First,#,SYNERGY.DBO.SCW_ELS_BND_20182019,Shape.STArea(),-1,-1;Shape_STLength() "Shape_STLength()" false true true 0 Double 0 0 ,First,#,SYNERGY.DBO.SCW_ELS_BND_20182019,Shape.STLength(),-1,-1" #</Process><Process ToolSource="d:\program files (x86)\arcgis\desktop10.3\ArcToolbox\Toolboxes\Conversion Tools.tbx\FeatureClassToFeatureClass" Date="20190124" Time="070855">FeatureClassToFeatureClass SYNERGY.DBO.SCW_ELS_BND_20182019_ProdCopy "Database Connections\SynergyProd.sde\SYNERGY.DBO.Schools_20182019" SCW_ELS_BND_20182019 # "EID "EID" true true false 5 Text 0 0 ,First,#,SYNERGY.DBO.SCW_ELS_BND_20182019_ProdCopy,EID,-1,-1;EID_NAME "EID_NAME" true true false 50 Text 0 0 ,First,#,SYNERGY.DBO.SCW_ELS_BND_20182019_ProdCopy,EID_NAME,-1,-1;Shape_STArea__ "Shape_STArea__" true true false 8 Double 8 38 ,First,#,SYNERGY.DBO.SCW_ELS_BND_20182019_ProdCopy,Shape_STArea__,-1,-1;Shape_STLength__ "Shape_STLength__" true true false 8 Double 8 38 ,First,#,SYNERGY.DBO.SCW_ELS_BND_20182019_ProdCopy,Shape_STLength__,-1,-1;Shape_STArea() "Shape_STArea()" false true true 0 Double 0 0 ,First,#,SYNERGY.DBO.SCW_ELS_BND_20182019_ProdCopy,Shape.STArea(),-1,-1;Shape_STLength() "Shape_STLength()" false true true 0 Double 0 0 ,First,#,SYNERGY.DBO.SCW_ELS_BND_20182019_ProdCopy,Shape.STLength(),-1,-1" #</Process><Process ToolSource="d:\program files (x86)\arcgis\desktop10.3\ArcToolbox\Toolboxes\Conversion Tools.tbx\FeatureClassToFeatureClass" Date="20190218" Time="070619">FeatureClassToFeatureClass "Database Connections\SynergyProd.sde\SYNERGY.DBO.Schools_20182019\SYNERGY.DBO.SCW_ELS_BND_20182019" "Database Connections\SynergyDev.sde\SYNERGY.DBO.Schools_20182019" SCW_ELS_BND_20182019_021819 # "EID "EID" true true false 5 Text 0 0 ,First,#,Database Connections\SynergyProd.sde\SYNERGY.DBO.Schools_20182019\SYNERGY.DBO.SCW_ELS_BND_20182019,EID,-1,-1;EID_NAME "EID_NAME" true true false 50 Text 0 0 ,First,#,Database Connections\SynergyProd.sde\SYNERGY.DBO.Schools_20182019\SYNERGY.DBO.SCW_ELS_BND_20182019,EID_NAME,-1,-1;Shape_STArea() "Shape_STArea()" false false true 0 Double 0 0 ,First,#,Database Connections\SynergyProd.sde\SYNERGY.DBO.Schools_20182019\SYNERGY.DBO.SCW_ELS_BND_20182019,Shape.STArea(),-1,-1;Shape_STLength() "Shape_STLength()" false false true 0 Double 0 0 ,First,#,Database Connections\SynergyProd.sde\SYNERGY.DBO.Schools_20182019\SYNERGY.DBO.SCW_ELS_BND_20182019,Shape.STLength(),-1,-1" #</Process><Process ToolSource="d:\program files (x86)\arcgis\desktop10.3\ArcToolbox\Toolboxes\Conversion Tools.tbx\FeatureClassToFeatureClass" Date="20190218" Time="072021">FeatureClassToFeatureClass SYNERGY.DBO.SCW_ELS_BND_20182019_021819 "Database Connections\SynergyProd.sde\SYNERGY.DBO.Schools_20182019" SCW_ELS_BND_20182019 # "EID "EID" true true false 5 Text 0 0 ,First,#,SYNERGY.DBO.SCW_ELS_BND_20182019_021819,EID,-1,-1;EID_NAME "EID_NAME" true true false 50 Text 0 0 ,First,#,SYNERGY.DBO.SCW_ELS_BND_20182019_021819,EID_NAME,-1,-1;Shape_STArea__ "Shape_STArea__" true true false 8 Double 8 38 ,First,#,SYNERGY.DBO.SCW_ELS_BND_20182019_021819,Shape_STArea__,-1,-1;Shape_STLength__ "Shape_STLength__" true true false 8 Double 8 38 ,First,#,SYNERGY.DBO.SCW_ELS_BND_20182019_021819,Shape_STLength__,-1,-1;Shape_STArea() "Shape_STArea()" false true true 0 Double 0 0 ,First,#,SYNERGY.DBO.SCW_ELS_BND_20182019_021819,Shape.STArea(),-1,-1;Shape_STLength() "Shape_STLength()" false true true 0 Double 0 0 ,First,#,SYNERGY.DBO.SCW_ELS_BND_20182019_021819,Shape.STLength(),-1,-1" #</Process><Process ToolSource="d:\program files (x86)\arcgis\desktop10.3\ArcToolbox\Toolboxes\Conversion Tools.tbx\FeatureClassToFeatureClass" Date="20190407" Time="185633">FeatureClassToFeatureClass "Database Connections\SynergyProd.sde\SYNERGY.DBO.Schools_20182019\SYNERGY.DBO.SCW_ELS_BND_20182019" "Database Connections\SynergyProd.sde\SYNERGY.DBO.Schools_20192020" SCW_ELS_BND_20192020 # "EID "EID" true true false 5 Text 0 0 ,First,#,Database Connections\SynergyProd.sde\SYNERGY.DBO.Schools_20182019\SYNERGY.DBO.SCW_ELS_BND_20182019,EID,-1,-1;EID_NAME "EID_NAME" true true false 50 Text 0 0 ,First,#,Database Connections\SynergyProd.sde\SYNERGY.DBO.Schools_20182019\SYNERGY.DBO.SCW_ELS_BND_20182019,EID_NAME,-1,-1;Shape_STArea() "Shape_STArea()" false false true 0 Double 0 0 ,First,#,Database Connections\SynergyProd.sde\SYNERGY.DBO.Schools_20182019\SYNERGY.DBO.SCW_ELS_BND_20182019,Shape.STArea(),-1,-1;Shape_STLength() "Shape_STLength()" false false true 0 Double 0 0 ,First,#,Database Connections\SynergyProd.sde\SYNERGY.DBO.Schools_20182019\SYNERGY.DBO.SCW_ELS_BND_20182019,Shape.STLength(),-1,-1" #</Process><Process ToolSource="c:\program files\arcgis\pro\Resources\ArcToolbox\toolboxes\Data Management Tools.tbx\Merge" Date="20191206" Time="085906">Merge 'SYNERGY.DBO.SCW_ELS_BND_20192020 selection';ElememtaryDBoundaries40thDayRevisions_V2 "D:\GIS\ArcGIS_Pro_Projects\Elementary D Final Maps\Deliverables\Elem D Final Boundary Layer\Elem D Final Boundary Layer.gdb\SCW_ELS_BND_20202021" "EID "EID" true true false 5 Text 0 0,First,#,SYNERGY.DBO.SCW_ELS_BND_20192020 selection,EID,0,5;EID_NAME "EID_NAME" true true false 50 Text 0 0,First,#,SYNERGY.DBO.SCW_ELS_BND_20192020 selection,EID_NAME,0,50,ElememtaryDBoundaries40thDayRevisions_V2,EID_NAME,0,255;Shape_Length "Shape_Length" false true true 8 Double 0 0,First,#,ElememtaryDBoundaries40thDayRevisions_V2,Shape_Length,-1,-1;Shape_Area "Shape_Area" false true true 8 Double 0 0,First,#,ElememtaryDBoundaries40thDayRevisions_V2,Shape_Area,-1,-1" NO_SOURCE_INFO</Process><Process ToolSource="c:\program files\arcgis\pro\Resources\ArcToolbox\toolboxes\Data Management Tools.tbx\Copy" Date="20191206" Time="095642">Copy "D:\GIS\ArcGIS_Pro_Projects\Elementary D Final Maps\Deliverables\Elem D Final Boundary Layer\Elem D Final Boundary Layer.gdb\SCW_ELS_BND_20202021 " "D:\GIS\ArcGIS_Pro_Projects\Elementary D Final Maps\Deliverables\Elem D Final Boundary Layer\Elem D Final Boundary Layer.gdb\SCW_ELS_BND_20202021_1" FeatureClass #</Process><Process ToolSource="c:\program files\arcgis\pro\Resources\ArcToolbox\toolboxes\Data Management Tools.tbx\Rename" Date="20191206" Time="095650">Rename "D:\GIS\ArcGIS_Pro_Projects\Elementary D Final Maps\Deliverables\Elem D Final Boundary Layer\Elem D Final Boundary Layer.gdb\SCW_ELS_BND_20202021_1" "D:\GIS\ArcGIS_Pro_Projects\Elementary D Final Maps\Deliverables\Elem D Final Boundary Layer\Elem D Final Boundary Layer.gdb\SCW_ELS_BND_20202021_topo" FeatureClass</Process><Process ToolSource="c:\program files\arcgis\pro\Resources\ArcToolbox\toolboxes\Data Management Tools.tbx\Copy" Date="20191206" Time="102626">Copy "D:\GIS\ArcGIS_Pro_Projects\Elementary D Final Maps\Deliverables\Elem D Final Boundary Layer\Elem D Final Boundary Layer.gdb\SCW_ELS_BND_20202021_topo " "D:\GIS\ArcGIS_Pro_Projects\Elementary D Final Maps\Deliverables\Elem D Final Boundary Layer\Elem D Final Boundary Layer.gdb\SCW_ELS_BND_20202021_topo_1" FeatureClass #</Process><Process ToolSource="c:\program files\arcgis\pro\Resources\ArcToolbox\toolboxes\Data Management Tools.tbx\Rename" Date="20191206" Time="102636">Rename "D:\GIS\ArcGIS_Pro_Projects\Elementary D Final Maps\Deliverables\Elem D Final Boundary Layer\Elem D Final Boundary Layer.gdb\SCW_ELS_BND_20202021_topo_1" "D:\GIS\ArcGIS_Pro_Projects\Elementary D Final Maps\Deliverables\Elem D Final Boundary Layer\Elem D Final Boundary Layer.gdb\SCW_ELS_BND_20202021" FeatureClass</Process><Process ToolSource="c:\program files\arcgis\pro\Resources\ArcToolbox\toolboxes\Conversion Tools.tbx\FeatureClassToFeatureClass" Date="20191206" Time="151442">FeatureClassToFeatureClass SCW_ELS_BND_20202021 "D:\GIS\ArcGIS_Pro_Projects\Elementary D Final Maps\Deliverables\Shapefile\ForGeocoder" SCW_ELS_BND_20202021.shp # "EID "EID" true true false 5 Text 0 0,First,#,SCW_ELS_BND_20202021,EID,0,5;EID_NAME "EID_NAME" true true false 50 Text 0 0,First,#,SCW_ELS_BND_20202021,EID_NAME,0,50;Shape_Leng "Shape_Length" false true true 8 Double 0 0,First,#,SCW_ELS_BND_20202021,Shape_Length,-1,-1;Shape_Area "Shape_Area" false true true 8 Double 0 0,First,#,SCW_ELS_BND_20202021,Shape_Area,-1,-1" #</Process><Process ToolSource="d:\program files (x86)\arcgis\desktop10.3\ArcToolbox\Toolboxes\Conversion Tools.tbx\FeatureClassToFeatureClass" Date="20191211" Time="080038">FeatureClassToFeatureClass SCW_ELS_BND_20202021 "Database Connections\SynergyProd.sde\SYNERGY.DBO.Schools_20202021" SCW_ELS_BND_20202021_new # "EID "EID" true true false 5 Text 0 0 ,First,#,SCW_ELS_BND_20202021,EID,-1,-1;EID_NAME "EID_NAME" true true false 50 Text 0 0 ,First,#,SCW_ELS_BND_20202021,EID_NAME,-1,-1;Shape_Leng "Shape_Leng" true true false 19 Double 0 0 ,First,#,SCW_ELS_BND_20202021,Shape_Leng,-1,-1;Shape_Area "Shape_Area" true true false 19 Double 0 0 ,First,#,SCW_ELS_BND_20202021,Shape_Area,-1,-1" #</Process><Process Name="Erase (2)" ToolSource="c:\program files\arcgis\pro\Resources\ArcToolbox\toolboxes\Analysis Tools.tbx\Erase" Date="20200225" Time="094349">Erase C:\Users\mckenri\AppData\Roaming\Esri\ArcGISPro\Favorites\9750mspgispddb1.sde\SYNERGY.DBO.Schools_20202021\SYNERGY.DBO.SCW_ELS_BND_20202021 "D:\GIS\ArcGIS_Pro_Projects\2020 Street Network to Address Point Geocoding Project\2020 Street Network to Address Point Geocoding Project final database.gdb\SYNERGY_DBO_SCW_ELS_BND_2020_int_singlepart_AP_Cleanup_Dissolve" "D:\GIS\ArcGIS_Pro_Projects\2020 Street Network to Address Point Geocoding Project\2020 Street Network to Address Point Geocoding Project final database.gdb\SCW_ELS_BND_20202021_Erase" #</Process><Process Name="Merge (2)" ToolSource="c:\program files\arcgis\pro\Resources\ArcToolbox\toolboxes\Data Management Tools.tbx\Merge" Date="20200225" Time="094356">Merge 'D:\GIS\ArcGIS_Pro_Projects\2020 Street Network to Address Point Geocoding Project\2020 Street Network to Address Point Geocoding Project final database.gdb\SCW_ELS_BND_20202021_Erase';'D:\GIS\ArcGIS_Pro_Projects\2020 Street Network to Address Point Geocoding Project\2020 Street Network to Address Point Geocoding Project final database.gdb\SYNERGY_DBO_SCW_ELS_BND_2020_int_singlepart_AP_Cleanup_Dissolve' "D:\GIS\ArcGIS_Pro_Projects\2020 Street Network to Address Point Geocoding Project\2020 Street Network to Address Point Geocoding Project.gdb\SCW_ELS_BND_20202021_cleanupMerge" "EID "EID" true true false 5 Text 0 0,First,#,D:\GIS\ArcGIS_Pro_Projects\2020 Street Network to Address Point Geocoding Project\2020 Street Network to Address Point Geocoding Project final database.gdb\SYNERGY_DBO_SCW_ELS_BND_2020_int_singlepart_AP_Cleanup_Dissolve,EID_1,0,5,D:\GIS\ArcGIS_Pro_Projects\2020 Street Network to Address Point Geocoding Project\2020 Street Network to Address Point Geocoding Project final database.gdb\SCW_ELS_BND_20202021_Erase,EID,0,5;EID_NAME "EID_NAME" true true false 50 Text 0 0,First,#,D:\GIS\ArcGIS_Pro_Projects\2020 Street Network to Address Point Geocoding Project\2020 Street Network to Address Point Geocoding Project final database.gdb\SYNERGY_DBO_SCW_ELS_BND_2020_int_singlepart_AP_Cleanup_Dissolve,EID_NAME_1,0,50,D:\GIS\ArcGIS_Pro_Projects\2020 Street Network to Address Point Geocoding Project\2020 Street Network to Address Point Geocoding Project final database.gdb\SCW_ELS_BND_20202021_Erase,EID_NAME,0,50;Shape_STArea__ "Shape_STArea__" true false true 0 Double 0 0,First,#,D:\GIS\ArcGIS_Pro_Projects\2020 Street Network to Address Point Geocoding Project\2020 Street Network to Address Point Geocoding Project final database.gdb\SCW_ELS_BND_20202021_Erase,Shape_STArea__,-1,-1;Shape_STLength__ "Shape_STLength__" true false true 0 Double 0 0,First,#,D:\GIS\ArcGIS_Pro_Projects\2020 Street Network to Address Point Geocoding Project\2020 Street Network to Address Point Geocoding Project final database.gdb\SCW_ELS_BND_20202021_Erase,Shape_STLength__,-1,-1;Shape_length "Shape_length" true true false 0 Double 0 0,First,#,D:\GIS\ArcGIS_Pro_Projects\2020 Street Network to Address Point Geocoding Project\2020 Street Network to Address Point Geocoding Project final database.gdb\SCW_ELS_BND_20202021_Erase,Shape_length,-1,-1;Shape_area "Shape_area" true true false 0 Double 0 0,First,#,D:\GIS\ArcGIS_Pro_Projects\2020 Street Network to Address Point Geocoding Project\2020 Street Network to Address Point Geocoding Project final database.gdb\SCW_ELS_BND_20202021_Erase,Shape_area,-1,-1" NO_SOURCE_INFO</Process><Process Name="Dissolve (2)" ToolSource="c:\program files\arcgis\pro\Resources\ArcToolbox\toolboxes\Data Management Tools.tbx\Dissolve" Date="20200225" Time="094357">Dissolve "D:\GIS\ArcGIS_Pro_Projects\2020 Street Network to Address Point Geocoding Project\2020 Street Network to Address Point Geocoding Project.gdb\SCW_ELS_BND_20202021_cleanupMerge" "D:\GIS\ArcGIS_Pro_Projects\2020 Street Network to Address Point Geocoding Project\2020 Street Network to Address Point Geocoding Project.gdb\SCW_ELS_BND_20202021_Merge_dissolve" EID;EID_NAME # MULTI_PART DISSOLVE_LINES</Process><Process ToolSource="c:\program files\arcgis\pro\Resources\ArcToolbox\toolboxes\Conversion Tools.tbx\FeatureClassToFeatureClass" Date="20200228" Time="112554">FeatureClassToFeatureClass SCW_ELS_BND_20202021_Merge_dissolve "D:\GIS\ArcGIS_Pro_Projects\2020 Street Network to Address Point Geocoding Project\Deliverables\CleanupBoundaries" SCW_ELS_BND_20202021_cleanup_V1.shp # "EID "EID" true true false 5 Text 0 0,First,#,SCW_ELS_BND_20202021_Merge_dissolve,EID,0,5;EID_NAME "EID_NAME" true true false 50 Text 0 0,First,#,SCW_ELS_BND_20202021_Merge_dissolve,EID_NAME,0,50;Shape_Leng "Shape_Length" false true true 8 Double 0 0,First,#,SCW_ELS_BND_20202021_Merge_dissolve,Shape_Length,-1,-1;Shape_Area "Shape_Area" false true true 8 Double 0 0,First,#,SCW_ELS_BND_20202021_Merge_dissolve,Shape_Area,-1,-1" #</Process><Process ToolSource="c:\program files\arcgis\pro\Resources\ArcToolbox\toolboxes\Conversion Tools.tbx\FeatureClassToFeatureClass" Date="20200803" Time="095723">FeatureClassToFeatureClass SCW_ELS_BND_20202021_cleanup_V1 "D:\GIS\ArcGIS_Pro_Projects\2020-2021 North Tampa Middle School Boundary Changes\2020-2021 North Tampa Middle School Boundary Changes.gdb" SCW_ELS_BND_20202021_cleanup_V1 # "EID "EID" true true false 5 Text 0 0,First,#,SCW_ELS_BND_20202021_cleanup_V1,EID,0,5;EID_NAME "EID_NAME" true true false 50 Text 0 0,First,#,SCW_ELS_BND_20202021_cleanup_V1,EID_NAME,0,50;Shape_Leng "Shape_Leng" true true false 19 Double 0 0,First,#,SCW_ELS_BND_20202021_cleanup_V1,Shape_Leng,-1,-1;Shape_Area "Shape_Area" true true false 19 Double 0 0,First,#,SCW_ELS_BND_20202021_cleanup_V1,Shape_Area,-1,-1" #</Process><Process ToolSource="c:\program files\arcgis\pro\Resources\ArcToolbox\toolboxes\Conversion Tools.tbx\FeatureClassToFeatureClass" Date="20200811" Time="143910">FeatureClassToFeatureClass SCW_ELS_BND_20202021_cleanup_V1 "C:\Users\mckenri\Desktop\20200622 SN to AP\Data" SCW_ELS_BND_20202021_cleanup.shp # "EID "EID" true true false 5 Text 0 0,First,#,SCW_ELS_BND_20202021_cleanup_V1,EID,0,5;EID_NAME "EID_NAME" true true false 50 Text 0 0,First,#,SCW_ELS_BND_20202021_cleanup_V1,EID_NAME,0,50;Shape_Leng "Shape_Leng" true true false 8 Double 0 0,First,#,SCW_ELS_BND_20202021_cleanup_V1,Shape_Leng,-1,-1;Shape_Le_1 "Shape_Length" false true true 8 Double 0 0,First,#,SCW_ELS_BND_20202021_cleanup_V1,Shape_Length,-1,-1;Shape_Area "Shape_Area" false true true 8 Double 0 0,First,#,SCW_ELS_BND_20202021_cleanup_V1,Shape_Area,-1,-1" #</Process><Process ToolSource="d:\program files (x86)\arcmap 10.7.1\desktop10.7\ArcToolbox\Toolboxes\Conversion Tools.tbx\FeatureClassToFeatureClass" Date="20200811" Time="150255">FeatureClassToFeatureClass SCW_ELS_BND_20202021_cleanup "Database Connections\Connection to 9750mstgisdb01.mysdhc.net.sde\TEST.DBO.Schools_20202021_Cleanups_4326" SCW_ELS_BND_20202021_cleanup # "EID "EID" true true false 5 Text 0 0 ,First,#,SCW_ELS_BND_20202021_cleanup,EID,-1,-1;EID_NAME "EID_NAME" true true false 50 Text 0 0 ,First,#,SCW_ELS_BND_20202021_cleanup,EID_NAME,-1,-1;Shape_Leng "Shape_Leng" true true false 19 Double 0 0 ,First,#,SCW_ELS_BND_20202021_cleanup,Shape_Leng,-1,-1;Shape_Le_1 "Shape_Le_1" true true false 19 Double 0 0 ,First,#,SCW_ELS_BND_20202021_cleanup,Shape_Le_1,-1,-1;Shape_Area "Shape_Area" true true false 19 Double 0 0 ,First,#,SCW_ELS_BND_20202021_cleanup,Shape_Area,-1,-1" #</Process><Process ToolSource="d:\program files (x86)\arcmap 10.7.1\desktop10.7\ArcToolbox\Toolboxes\Conversion Tools.tbx\FeatureClassToFeatureClass" Date="20200904" Time="133845">FeatureClassToFeatureClass TEST.DBO.SCW_ELS_BND_20202021_cleanup "Database Connections\Connection to 9750mspgisdb01.sde\HCPS_GIS.DBO.Schools_20202021_4326" SCW_ELS_BND_20202021 # "EID "EID" true true false 5 Text 0 0 ,First,#,TEST.DBO.SCW_ELS_BND_20202021_cleanup,EID,-1,-1;EID_NAME "EID_NAME" true true false 50 Text 0 0 ,First,#,TEST.DBO.SCW_ELS_BND_20202021_cleanup,EID_NAME,-1,-1;Shape_Leng "Shape_Leng" true true false 8 Double 8 38 ,First,#,TEST.DBO.SCW_ELS_BND_20202021_cleanup,Shape_Leng,-1,-1;Shape_Le_1 "Shape_Le_1" true true false 8 Double 8 38 ,First,#,TEST.DBO.SCW_ELS_BND_20202021_cleanup,Shape_Le_1,-1,-1;Shape_STArea() "Shape_STArea()" false true true 0 Double 0 0 ,First,#,TEST.DBO.SCW_ELS_BND_20202021_cleanup,Shape.STArea(),-1,-1;Shape_STLength() "Shape_STLength()" false true true 0 Double 0 0 ,First,#,TEST.DBO.SCW_ELS_BND_20202021_cleanup,Shape.STLength(),-1,-1" #</Process><Process ToolSource="d:\program files (x86)\arcmap 10.7.1\desktop10.8\ArcToolbox\Toolboxes\Conversion Tools.tbx\FeatureClassToFeatureClass" Date="20210715" Time="122337">FeatureClassToFeatureClass HCPS_GIS.DBO.SCW_ELS_BND_20202021 "Database Connections\Connection to 9750mspgisdb01.sde\HCPS_GIS.DBO.Schools_20212022_4326" SCW_ELS_BND_20212022 # "EID "EID" true true false 5 Text 0 0 ,First,#,HCPS_GIS.DBO.SCW_ELS_BND_20202021,EID,-1,-1;EID_NAME "EID_NAME" true true false 50 Text 0 0 ,First,#,HCPS_GIS.DBO.SCW_ELS_BND_20202021,EID_NAME,-1,-1;Shape_STArea() "Shape_STArea()" false true true 0 Double 0 0 ,First,#,HCPS_GIS.DBO.SCW_ELS_BND_20202021,Shape.STArea(),-1,-1;Shape_STLength() "Shape_STLength()" false true true 0 Double 0 0 ,First,#,HCPS_GIS.DBO.SCW_ELS_BND_20202021,Shape.STLength(),-1,-1" #</Process><Process ToolSource="d:\program files (x86)\arcmap 10.7.1\desktop10.8\ArcToolbox\Toolboxes\Conversion Tools.tbx\FeatureClassToFeatureClass" Date="20220113" Time="084325">FeatureClassToFeatureClass HCPS_GIS.DBO.SCW_ELS_BND_20212022 "Database Connections\Connection to 9750mspgisdb01.mysdhc.net.sde\HCPS_GIS.DBO.Schools_20222023_4326" SCW_ELS_BND_20222023 # "EID "EID" true true false 5 Text 0 0 ,First,#,HCPS_GIS.DBO.SCW_ELS_BND_20212022,EID,-1,-1;EID_NAME "EID_NAME" true true false 50 Text 0 0 ,First,#,HCPS_GIS.DBO.SCW_ELS_BND_20212022,EID_NAME,-1,-1;Shape_STArea() "Shape_STArea()" false true true 0 Double 0 0 ,First,#,HCPS_GIS.DBO.SCW_ELS_BND_20212022,Shape.STArea(),-1,-1;Shape_STLength() "Shape_STLength()" false true true 0 Double 0 0 ,First,#,HCPS_GIS.DBO.SCW_ELS_BND_20212022,Shape.STLength(),-1,-1" #</Process><Process ToolSource="d:\program files (x86)\arcmap 10.7.1\desktop10.8\ArcToolbox\Toolboxes\Conversion Tools.tbx\FeatureClassToFeatureClass" Date="20220113" Time="093331">FeatureClassToFeatureClass HCPS_GIS.DBO.SCW_ELS_BND_20222023 "Database Connections\Connection to 9750mstgisdb01.hcps.net.sde\TEST.DBO.Schools_20222023_4326" SCW_ELS_BND_20222023 # "EID "EID" true true false 5 Text 0 0 ,First,#,HCPS_GIS.DBO.SCW_ELS_BND_20222023,EID,-1,-1;EID_NAME "EID_NAME" true true false 50 Text 0 0 ,First,#,HCPS_GIS.DBO.SCW_ELS_BND_20222023,EID_NAME,-1,-1;Shape_STArea() "Shape_STArea()" false true true 0 Double 0 0 ,First,#,HCPS_GIS.DBO.SCW_ELS_BND_20222023,Shape.STArea(),-1,-1;Shape_STLength() "Shape_STLength()" false true true 0 Double 0 0 ,First,#,HCPS_GIS.DBO.SCW_ELS_BND_20222023,Shape.STLength(),-1,-1" #</Process><Process ToolSource="d:\program files (x86)\arcmap 10.7.1\desktop10.8\ArcToolbox\Toolboxes\Conversion Tools.tbx\FeatureClassToFeatureClass" Date="20220225" Time="144247">FeatureClassToFeatureClass TEST.DBO.SCW_ELS_BND_20222023 "Database Connections\Connection to 9750mspgisdb01.mysdhc.net.sde\HCPS_GIS.DBO.Schools_20222023_4326" SCW_ELS_BND_20222023 # "EID "EID" true true false 5 Text 0 0 ,First,#,TEST.DBO.SCW_ELS_BND_20222023,EID,-1,-1;EID_NAME "EID_NAME" true true false 50 Text 0 0 ,First,#,TEST.DBO.SCW_ELS_BND_20222023,EID_NAME,-1,-1;Shape_STArea() "Shape_STArea()" false true true 0 Double 0 0 ,First,#,TEST.DBO.SCW_ELS_BND_20222023,Shape.STArea(),-1,-1;Shape_STLength() "Shape_STLength()" false true true 0 Double 0 0 ,First,#,TEST.DBO.SCW_ELS_BND_20222023,Shape.STLength(),-1,-1" #</Process><Process ToolSource="d:\program files (x86)\arcmap 10.7.1\desktop10.8\ArcToolbox\Toolboxes\Conversion Tools.tbx\FeatureClassToFeatureClass" Date="20220609" Time="155220">FeatureClassToFeatureClass BadElmshp "Database Connections\Connection to 9750mspgisdb01.hcps.net.sde\HCPS_GIS.DBO.Schools_20222023_4326" SCW_ELS_BND_20222023 # "OBJECTID "OBJECTID" true true false 10 Long 0 10 ,First,#,BadElmshp,OBJECTID,-1,-1;EID "EID" true true false 5 Text 0 0 ,First,#,BadElmshp,EID,-1,-1;EID_NAME "EID_NAME" true true false 50 Text 0 0 ,First,#,BadElmshp,EID_NAME,-1,-1;Shape_STAr "Shape_STAr" true true false 19 Double 0 0 ,First,#,BadElmshp,Shape_STAr,-1,-1;Shape_STLe "Shape_STLe" true true false 19 Double 0 0 ,First,#,BadElmshp,Shape_STLe,-1,-1" #</Process><Process ToolSource="c:\program files\arcgis\pro\Resources\ArcToolbox\toolboxes\Conversion Tools.tbx\FeatureClassToFeatureClass" Date="20220622" Time="161918">FeatureClassToFeatureClass HCPS_GIS.DBO.SCW_ELS_BND_20222023 C:\Users\pleasma\Desktop\Elementary_Boundaries SCW_ELS_BND_20222023.shp # "OBJECTID "OBJECTID" true true false 4 Long 0 10,First,#,HCPS_GIS.DBO.SCW_ELS_BND_20222023,OBJECTID,-1,-1;EID "EID" true true false 5 Text 0 0,First,#,HCPS_GIS.DBO.SCW_ELS_BND_20222023,EID,0,5;EID_NAME "EID_NAME" true true false 50 Text 0 0,First,#,HCPS_GIS.DBO.SCW_ELS_BND_20222023,EID_NAME,0,50" #</Process></lineage><LayerFile>{"type":"CIMLayerDocument","version":"2.6.0","build":24783,"layers":["CIMPATH=map1/scw_els_bnd_20202021_cleanup.xml"],"layerDefinitions":[{"type":"CIMFeatureLayer","name":"SCW_ELS_BND_20202021_cleanup","uRI":"CIMPATH=map1/scw_els_bnd_20202021_cleanup.xml","sourceModifiedTime":{"type":"TimeInstant"},"useSourceMetadata":true,"description":"SCW_ELS_BND_20202021_cleanup","layerElevation":{"type":"CIMLayerElevationSurface"},"expanded":true,"layer3DProperties":{"type":"CIM3DLayerProperties","castShadows":true,"isLayerLit":true,"layerFaceCulling":"None","maxDistance":-1,"minDistance":-1,"preloadTextureCutoffHigh":0,"preloadTextureCutoffLow":0.25,"textureCutoffHigh":0.25,"textureCutoffLow":1,"useCompressedTextures":true,"verticalExaggeration":1,"exaggerationMode":"ScaleZ","verticalUnit":{"uwkid":9001},"lighting":"OneSideDataNormal"},"layerType":"Operational","showLegends":true,"visibility":true,"displayCacheType":"Permanent","maxDisplayCacheAge":5,"showPopups":true,"serviceLayerID":-1,"refreshRate":-1,"refreshRateUnit":"esriTimeUnitsSeconds","autoGenerateFeatureTemplates":true,"featureElevationExpression":"Shape.Z","featureTable":{"type":"CIMFeatureTable","displayField":"EID_NAME","editable":true,"dataConnection":{"type":"CIMStandardDataConnection","workspaceConnectionString":"DATABASE=..\\..\\..\\..\\Desktop\\20200622 SN to AP\\Data","workspaceFactory":"Shapefile","dataset":"SCW_ELS_BND_20202021_cleanup","datasetType":"esriDTFeatureClass"},"studyAreaSpatialRel":"esriSpatialRelUndefined","searchOrder":"esriSearchOrderSpatial"},"htmlPopupEnabled":true,"selectable":true,"featureCacheType":"Session","displayFiltersType":"ByScale","labelClasses":[{"type":"CIMLabelClass","expression":"$feature.EID_NAME","expressionEngine":"Arcade","featuresToLabel":"AllVisibleFeatures","maplexLabelPlacementProperties":{"type":"CIMMaplexLabelPlacementProperties","featureType":"Polygon","avoidPolygonHoles":true,"canOverrunFeature":true,"canPlaceLabelOutsidePolygon":true,"canRemoveOverlappingLabel":true,"canStackLabel":true,"connectionType":"Unambiguous","constrainOffset":"NoConstraint","contourAlignmentType":"Page","contourLadderType":"Straight","contourMaximumAngle":90,"enableConnection":true,"featureWeight":0,"fontHeightReductionLimit":4,"fontHeightReductionStep":0.5,"fontWidthReductionLimit":90,"fontWidthReductionStep":5,"graticuleAlignmentType":"Straight","keyNumberGroupName":"Default","labelBuffer":15,"labelLargestPolygon":true,"labelPriority":-1,"labelStackingProperties":{"type":"CIMMaplexLabelStackingProperties","stackAlignment":"ChooseBest","maximumNumberOfLines":3,"minimumNumberOfCharsPerLine":3,"maximumNumberOfCharsPerLine":24,"separators":[{"type":"CIMMaplexStackingSeparator","separator":" ","splitAfter":true},{"type":"CIMMaplexStackingSeparator","separator":",","visible":true,"splitAfter":true}]},"lineFeatureType":"General","linePlacementMethod":"OffsetCurvedFromLine","maximumLabelOverrun":80,"maximumLabelOverrunUnit":"Point","minimumFeatureSizeUnit":"Map","multiPartOption":"OneLabelPerPart","offsetAlongLineProperties":{"type":"CIMMaplexOffsetAlongLineProperties","placementMethod":"BestPositionAlongLine","labelAnchorPoint":"CenterOfLabel","distanceUnit":"Percentage","useLineDirection":true},"pointExternalZonePriorities":{"type":"CIMMaplexExternalZonePriorities","aboveLeft":4,"aboveCenter":2,"aboveRight":1,"centerRight":3,"belowRight":5,"belowCenter":7,"belowLeft":8,"centerLeft":6},"pointPlacementMethod":"AroundPoint","polygonAnchorPointType":"GeometricCenter","polygonBoundaryWeight":0,"polygonExternalZones":{"type":"CIMMaplexExternalZonePriorities","aboveLeft":4,"aboveCenter":2,"aboveRight":1,"centerRight":3,"belowRight":5,"belowCenter":7,"belowLeft":8,"centerLeft":6},"polygonFeatureType":"General","polygonInternalZones":{"type":"CIMMaplexInternalZonePriorities","center":1},"polygonPlacementMethod":"HorizontalInPolygon","primaryOffset":1,"primaryOffsetUnit":"Point","removeExtraWhiteSpace":true,"repetitionIntervalUnit":"Point","rotationProperties":{"type":"CIMMaplexRotationProperties","rotationType":"Arithmetic","alignmentType":"Straight"},"secondaryOffset":100,"strategyPriorities":{"type":"CIMMaplexStrategyPriorities","stacking":1,"overrun":2,"fontCompression":3,"fontReduction":4,"abbreviation":5},"thinningDistanceUnit":"Point","truncationMarkerCharacter":".","truncationMinimumLength":1,"truncationPreferredCharacters":"aeiou","truncationExcludedCharacters":"0123456789"},"name":"Class 1","priority":-1,"standardLabelPlacementProperties":{"type":"CIMStandardLabelPlacementProperties","featureType":"Line","featureWeight":"Low","labelWeight":"High","numLabelsOption":"OneLabelPerName","lineLabelPosition":{"type":"CIMStandardLineLabelPosition","above":true,"inLine":true,"parallel":true},"lineLabelPriorities":{"type":"CIMStandardLineLabelPriorities","aboveStart":3,"aboveAlong":3,"aboveEnd":3,"centerStart":3,"centerAlong":3,"centerEnd":3,"belowStart":3,"belowAlong":3,"belowEnd":3},"pointPlacementMethod":"AroundPoint","pointPlacementPriorities":{"type":"CIMStandardPointPlacementPriorities","aboveLeft":2,"aboveCenter":2,"aboveRight":1,"centerLeft":3,"centerRight":2,"belowLeft":3,"belowCenter":3,"belowRight":2},"rotationType":"Arithmetic","polygonPlacementMethod":"AlwaysHorizontal"},"textSymbol":{"type":"CIMSymbolReference","symbol":{"type":"CIMTextSymbol","blockProgression":"TTB","depth3D":1,"extrapolateBaselines":true,"fontEffects":"Normal","fontEncoding":"Unicode","fontFamilyName":"Tahoma","fontStyleName":"Regular","fontType":"Unspecified","haloSize":1,"height":10,"hinting":"Default","horizontalAlignment":"Left","kerning":true,"letterWidth":100,"ligatures":true,"lineGapType":"ExtraLeading","symbol":{"type":"CIMPolygonSymbol","symbolLayers":[{"type":"CIMSolidFill","enable":true,"color":{"type":"CIMRGBColor","values":[0,0,0,100]}}]},"textCase":"Normal","textDirection":"LTR","verticalAlignment":"Bottom","verticalGlyphOrientation":"Right","wordSpacing":100,"billboardMode3D":"FaceNearPlane"}},"useCodedValue":true,"visibility":true,"iD":-1}],"renderer":{"type":"CIMSimpleRenderer","patch":"Default","symbol":{"type":"CIMSymbolReference","symbol":{"type":"CIMPolygonSymbol","symbolLayers":[{"type":"CIMSolidStroke","enable":true,"capStyle":"Round","joinStyle":"Round","lineStyle3D":"Strip","miterLimit":10,"width":1,"color":{"type":"CIMRGBColor","values":[255,0,0,100]}},{"type":"CIMSolidFill","enable":true,"color":{"type":"CIMRGBColor","values":[130,130,130,0]}}]}}},"scaleSymbols":true,"snappable":true}]}</LayerFile></DataProperties><SyncDate>20220622</SyncDate><SyncTime>16191800</SyncTime><ModDate>20220622</ModDate><ModTime>16191800</ModTime><scaleRange><minScale>150000000</minScale><maxScale>5000</maxScale></scaleRange><ArcGISProfile>ItemDescription</ArcGISProfile></Esri><dataIdInfo><envirDesc Sync="TRUE">Microsoft Windows 10 Version 10.0 (Build 19044) ; Esri ArcGIS 12.9.3.32739</envirDesc><dataLang><languageCode value="eng" Sync="TRUE"/><countryCode value="USA" Sync="TRUE"/></dataLang><idCitation><resTitle Sync="TRUE">SCW_ELS_BND_20222023</resTitle><presForm><PresFormCd value="005" Sync="TRUE"/></presForm></idCitation><spatRpType><SpatRepTypCd value="001" Sync="TRUE"/></spatRpType><dataExt><geoEle xmlns=""><GeoBndBox esriExtentType="search"><exTypeCode Sync="TRUE">1</exTypeCode><westBL Sync="TRUE">-82.651115</westBL><eastBL Sync="TRUE">-82.053880</eastBL><northBL Sync="TRUE">28.174844</northBL><southBL Sync="TRUE">27.644569</southBL></GeoBndBox></geoEle></dataExt><idPurp>HCPS 2015/2016 Elementary School Boundaries as of 5/8/2015</idPurp><searchKeys><keyword>HCPS</keyword><keyword>Elementary School Boundaries</keyword><keyword>2015-2016</keyword></searchKeys><idAbs>&lt;DIV STYLE="text-align:Left;"&gt;&lt;DIV&gt;&lt;P&gt;&lt;SPAN STYLE="font-weight:bold;font-size:12pt"&gt;Disclaimer: &lt;/SPAN&gt;&lt;SPAN STYLE="font-size:12pt"&gt;All school attendance boundaries are subject to change by School Board Action. The maps and descriptions are provided for convenience only. HCPS expects the School Locator and GIS layers to provide accurate and useful information. However, please report any inconsistencies that you may observe while using the School Locator to the Choice Information Line at (813) 272-4692&lt;/SPAN&gt;&lt;/P&gt;&lt;/DIV&gt;&lt;/DIV&gt;</idAbs><idCredit>HCPS, Information Technology Division, GIS and Geo-Analytics Department, 2015</idCredit></dataIdInfo><mdLang><languageCode value="eng" Sync="TRUE"/><countryCode value="USA" Sync="TRUE"/></mdLang><distInfo><distFormat><formatName Sync="TRUE">Shapefile</formatName></distFormat><distTranOps><transSize Sync="TRUE">0.000</transSize></distTranOps></distInfo><mdHrLv><ScopeCd value="005" Sync="TRUE"/></mdHrLv><mdHrLvName Sync="TRUE">dataset</mdHrLvName><refSysInfo><RefSystem><refSysID><identCode code="4326" Sync="TRUE" value="2237"/><idCodeSpace Sync="TRUE">EPSG</idCodeSpace><idVersion Sync="TRUE">6.2(3.0.1)</idVersion></refSysID></RefSystem></refSysInfo><spatRepInfo><VectSpatRep><geometObjs Name="SCW_ELS_BND_20222023"><geoObjTyp><GeoObjTypCd value="002" Sync="TRUE"></GeoObjTypCd></geoObjTyp><geoObjCnt Sync="TRUE">0</geoObjCnt></geometObjs><topLvl><TopoLevCd value="001" Sync="TRUE"></TopoLevCd></topLvl></VectSpatRep></spatRepInfo><spdoinfo><ptvctinf><esriterm Name="SCW_ELS_BND_20222023"><efeatyp Sync="TRUE">Simple</efeatyp><efeageom code="4" Sync="TRUE"></efeageom><esritopo Sync="TRUE">FALSE</esritopo><efeacnt Sync="TRUE">0</efeacnt><spindex Sync="TRUE">FALSE</spindex><linrefer Sync="TRUE">TRUE</linrefer></esriterm></ptvctinf></spdoinfo><eainfo><detailed Name="SCW_ELS_BND_20222023"><enttyp><enttypl Sync="TRUE">SCW_ELS_BND_20222023</enttypl><enttypt Sync="TRUE">Feature Class</enttypt><enttypc Sync="TRUE">0</enttypc></enttyp><attr><attrlabl Sync="TRUE">FID</attrlabl><attalias Sync="TRUE">FID</attalias><attrtype Sync="TRUE">OID</attrtype><attwidth Sync="TRUE">4</attwidth><atprecis Sync="TRUE">0</atprecis><attscale Sync="TRUE">0</attscale><attrdef Sync="TRUE">Internal feature number.</attrdef><attrdefs Sync="TRUE">Esri</attrdefs><attrdomv><udom Sync="TRUE">Sequential unique whole numbers that are automatically generated.</udom></attrdomv></attr><attr><attrlabl Sync="TRUE">OBJECTID</attrlabl><attalias Sync="TRUE">OBJECTID</attalias><attrtype Sync="TRUE">Integer</attrtype><attwidth Sync="TRUE">10</attwidth><atprecis Sync="TRUE">10</atprecis><attscale Sync="TRUE">0</attscale><attrdef Sync="TRUE">Internal feature number.</attrdef><attrdefs Sync="TRUE">Esri</attrdefs><attrdomv><udom Sync="TRUE">Sequential unique whole numbers that are automatically generated.</udom></attrdomv></attr><attr><attrlabl Sync="TRUE">EID</attrlabl><attalias Sync="TRUE">EID</attalias><attrtype Sync="TRUE">String</attrtype><attwidth Sync="TRUE">5</attwidth><atprecis Sync="TRUE">0</atprecis><attscale Sync="TRUE">0</attscale></attr><attr><attrlabl Sync="TRUE">EID_NAME</attrlabl><attalias Sync="TRUE">EID_NAME</attalias><attrtype Sync="TRUE">String</attrtype><attwidth Sync="TRUE">50</attwidth><atprecis Sync="TRUE">0</atprecis><attscale Sync="TRUE">0</attscale></attr><attr><attrlabl Sync="TRUE">Shape</attrlabl><attalias Sync="TRUE">Shape</attalias><attrtype Sync="TRUE">Geometry</attrtype><attwidth Sync="TRUE">0</attwidth><atprecis Sync="TRUE">0</atprecis><attscale Sync="TRUE">0</attscale><attrdef Sync="TRUE">Feature geometry.</attrdef><attrdefs Sync="TRUE">Esri</attrdefs><attrdomv><udom Sync="TRUE">Coordinates defining the features.</udom></attrdomv></attr></detailed></eainfo><mdDateSt Sync="TRUE">20220622</mdDateSt></metadata>
