school_year,school_number,stay_rate_1yr,stay_rate_inv_1yr,comp_year_1yr,stay_rate,stay_rate_1yr_check,stay_rate_3yr,stay_rate_inv_3yr,comp_year,comp_year_3yr
2018-19,1291,0.8921568627450981,0.8348623853211009,2019-20,,0.8921568627450981,0.6274509803921569,0.6736842105263158,2021-22,
2018-19,3371,0.8073394495412844,0.7857142857142857,2019-20,,0.8073394495412844,0.5504587155963303,0.6382978723404256,2021-22,
2018-19,0151,0.8055555555555556,0.8055555555555556,2019-20,,0.8055555555555556,0.5833333333333334,0.6631578947368421,2021-22,
2018-19,1541,0.7857142857142857,0.8048780487804879,2019-20,,0.7857142857142857,0.5119047619047619,0.671875,2021-22,
2018-19,4161,0.8035714285714286,0.9,2019-20,,0.8035714285714286,0.6428571428571429,0.8571428571428571,2021-22,
2018-19,3622,0.8823529411764706,0.8571428571428571,2019-20,,0.8823529411764706,0.6764705882352942,0.6216216216216216,2021-22,
2018-19,0761,0.6029411764705882,0.6721311475409836,2019-20,,0.6029411764705882,0.4117647058823529,0.509090909090909,2021-22,
2018-19,0093,0.8734177215189873,0.8414634146341463,2019-20,,0.8734177215189873,0.5443037974683544,0.6231884057971014,2021-22,
2018-19,3620,0.9558823529411765,0.9285714285714286,2019-20,,0.9558823529411765,0.7058823529411765,0.8,2021-22,
2018-19,0041,0.5121951219512195,0.5526315789473685,2019-20,,0.5121951219512195,0.1951219512195122,0.24242424242424243,2021-22,
2018-19,3431,0.8571428571428571,0.8333333333333334,2019-20,,0.8571428571428571,0.5523809523809524,0.6373626373626373,2021-22,
2018-19,2421,0.7777777777777778,0.8235294117647058,2019-20,,0.7777777777777778,0.4777777777777778,0.5972222222222222,2021-22,
2018-19,4442,0.7804878048780488,0.8,2019-20,,0.7804878048780488,0.4878048780487805,0.5555555555555556,2021-22,
2018-19,0261,0.7,0.7,2019-20,,0.7,0.4666666666666667,0.6666666666666666,2021-22,
2018-19,0082,0.782608695652174,0.72,2019-20,,0.782608695652174,0.43478260869565216,0.46511627906976744,2021-22,
2018-19,3561,0.6086956521739131,0.6222222222222222,2019-20,,0.6086956521739131,0.4782608695652174,0.55,2021-22,
2018-19,4741,0.782608695652174,0.7659574468085106,2019-20,,0.782608695652174,0.5434782608695652,0.6578947368421053,2021-22,
2018-19,2042,0.48717948717948717,0.5135135135135135,2019-20,,0.48717948717948717,0.28205128205128205,0.3055555555555556,2021-22,
2018-19,2801,0.7450980392156863,0.76,2019-20,,0.7450980392156863,0.4117647058823529,0.5675675675675675,2021-22,
2018-19,3171,0.8956521739130435,0.8512396694214877,2019-20,,0.8956521739130435,0.6608695652173913,0.6846846846846847,2021-22,
2018-19,3411,0.9019607843137255,0.8761904761904762,2019-20,,0.9019607843137255,0.6470588235294118,0.7096774193548387,2021-22,
2018-19,0131,0.78125,0.8064516129032258,2019-20,,0.78125,0.3958333333333333,0.41304347826086957,2021-22,
2018-19,4731,0.78301886792452835,0.7757009345794392,2019-20,,0.78301886792452835,0.5943396226415094,0.7325581395348837,2021-22,
2018-19,1881,0.8235294117647058,0.835820895522388,2019-20,,0.8235294117647058,0.6176470588235294,0.6666666666666666,2021-22,
2018-19,3784,0.7884615384615384,0.82,2019-20,,0.7884615384615384,0.4230769230769231,0.5641025641025641,2021-22,
2018-19,0043,0.6582278481012658,0.6842105263157895,2019-20,,0.6582278481012658,0.20253164556962025,0.2909090909090909,2021-22,
2018-19,0089,0.9108910891089109,0.9108910891089109,2019-20,,0.9108910891089109,0.6633663366336634,0.7204301075268817,2021-22,
2018-19,4221,0.8913043478260869,0.82,2019-20,,0.8913043478260869,0.7608695652173914,0.7291666666666666,2021-22,
2018-19,3004,0.5652173913043478,0.5306122448979592,2019-20,,0.5652173913043478,0.32608695652173914,0.35714285714285715,2021-22,
2018-19,2871,0.75,0.6666666666666666,2019-20,,0.75,0.625,0.6060606060606061,2021-22,
2018-19,4151,0.8367346938775511,0.845360824742268,2019-20,,0.8367346938775511,0.673469387755102,0.75,2021-22,
2018-19,0141,0.8421052631578947,0.8421052631578947,2019-20,,0.8421052631578947,0.7631578947368421,0.7631578947368421,2021-22,
2018-19,1051,0.8269230769230769,0.86,2019-20,,0.8269230769230769,0.5961538461538461,0.62,2021-22,
2018-19,0441,0.8148148148148148,0.7586206896551724,2019-20,,0.8148148148148148,0.4444444444444444,0.5714285714285714,2021-22,
2018-19,0401,0.7777777777777778,0.7924528301886793,2019-20,,0.7777777777777778,0.5555555555555556,0.7317073170731707,2021-22,
2018-19,2841,0.7555555555555555,0.8095238095238095,2019-20,,0.7555555555555555,0.6222222222222222,0.5957446808510638,2021-22,
2018-19,2651,0.6875,0.6875,2019-20,,0.6875,0.5,0.5925925925925926,2021-22,
2018-19,0069,0.660377358490566,0.693069306930693,2019-20,,0.660377358490566,0.5283018867924528,0.6829268292682927,2021-22,
2018-19,2471,0.7796610169491526,0.7540983606557377,2019-20,,0.7796610169491526,0.5932203389830508,0.660377358490566,2021-22,
2018-19,0100,0.8571428571428571,0.8076923076923077,2019-20,,0.8571428571428571,0.673469387755102,0.6470588235294118,2021-22,
2018-19,1721,0.9354838709677419,0.8285714285714286,2019-20,,0.9354838709677419,0.6451612903225806,0.6451612903225806,2021-22,
2018-19,3922,0.7543859649122807,0.8113207547169812,2019-20,,0.7543859649122807,0.5789473684210527,0.6111111111111112,2021-22,
2018-19,3121,0.7083333333333334,0.6666666666666666,2019-20,,0.7083333333333334,0.5208333333333334,0.4716981132075472,2021-22,
2018-19,1481,0.6206896551724138,0.5294117647058824,2019-20,,0.6206896551724138,0.20689655172413793,0.20689655172413793,2021-22,
2018-19,0361,0.7692307692307693,0.8163265306122449,2019-20,,0.7692307692307693,0.6923076923076923,0.7346938775510204,2021-22,
2018-19,0081,0.875,0.8484848484848485,2019-20,,0.875,0.625,0.625,2021-22,
2018-19,1081,0.7222222222222222,0.7647058823529411,2019-20,,0.7222222222222222,0.3333333333333333,0.3157894736842105,2021-22,
2018-19,0284,0.6458333333333334,0.6326530612244898,2019-20,,0.6458333333333334,0.4791666666666667,0.5897435897435898,2021-22,
2018-19,0772,0.8867924528301887,0.8703703703703703,2019-20,,0.8867924528301887,0.7358490566037735,0.7222222222222222,2021-22,
2018-19,4561,0.5,0.5128205128205128,2019-20,,0.5,0.15,0.2,2021-22,
2018-19,4441,0.8260869565217391,0.7307692307692307,2019-20,,0.8260869565217391,0.5217391304347826,0.46153846153846156,2021-22,
2018-19,0084,0.6666666666666666,0.6666666666666666,2019-20,,0.6666666666666666,0.5416666666666666,0.5306122448979592,2021-22,
2018-19,3101,0.6428571428571429,0.5625,2019-20,,0.6428571428571429,0.39285714285714285,0.39285714285714285,2021-22,
2018-19,0055,0.6962025316455697,0.6470588235294118,2019-20,,0.6962025316455697,0.31645569620253167,0.3333333333333333,2021-22,
2018-19,0921,0.8444444444444444,0.8085106382978723,2019-20,,0.8444444444444444,0.6666666666666666,0.6382978723404256,2021-22,
2018-19,4241,0.9090909090909091,0.75,2019-20,,0.9090909090909091,0.6363636363636364,0.65625,2021-22,
2018-19,2851,0.8928571428571429,0.8771929824561403,2019-20,,0.8928571428571429,0.6785714285714286,0.76,2021-22,
2018-19,1542,0.7,0.6774193548387096,2019-20,,0.7,0.4666666666666667,0.7368421052631579,2021-22,
2018-19,0074,0.85,0.7906976744186046,2019-20,,0.85,0.675,0.75,2021-22,
2018-19,0282,0.3333333333333333,0.3157894736842105,2019-20,,0.3333333333333333,0.16666666666666666,0.17647058823529413,2021-22,
2018-19,3131,0.9365079365079365,0.921875,2019-20,,0.9365079365079365,0.6190476190476191,0.75,2021-22,
2018-19,0073,0.7983870967741935,0.7557251908396947,2019-20,,0.7983870967741935,0.45161290322580644,0.6588235294117647,2021-22,
2018-19,5041,0.68,0.5,2019-20,,0.68,0.48,0.4444444444444444,2021-22,
2018-19,4722,0.6296296296296297,0.6296296296296297,2019-20,,0.6296296296296297,0.48148148148148145,0.4642857142857143,2021-22,
2018-19,1322,0.8673469387755102,0.8415841584158416,2019-20,,0.8673469387755102,0.6122448979591837,0.7407407407407407,2021-22,
2018-19,4281,0.2631578947368421,0.2857142857142857,2019-20,,0.2631578947368421,0.15789473684210525,0.17647058823529413,2021-22,
2018-19,3802,0.8478260869565217,0.78,2019-20,,0.8478260869565217,0.717391304347826,0.66,2021-22,
2018-19,2291,0.75,0.8048780487804879,2019-20,,0.75,0.5227272727272727,0.6571428571428571,2021-22,
2018-19,2362,0.5769230769230769,0.5357142857142857,2019-20,,0.5769230769230769,0.3076923076923077,0.4,2021-22,
2018-19,3161,0.8085106382978723,0.7450980392156863,2019-20,,0.8085106382978723,0.6382978723404256,0.7142857142857143,2021-22,
2018-19,4141,0.76,0.7524752475247525,2019-20,,0.76,0.59,0.6704545454545454,2021-22,
2018-19,1601,0.6857142857142857,0.6486486486486487,2019-20,,0.6857142857142857,0.5714285714285714,0.6060606060606061,2021-22,
2018-19,4591,0.8113207547169812,0.7818181818181819,2019-20,,0.8113207547169812,0.6792452830188679,0.7058823529411765,2021-22,
2018-19,4651,0.8245614035087719,0.8867924528301887,2019-20,,0.8245614035087719,0.6140350877192983,0.7142857142857143,2021-22,
2018-19,0842,0.5789473684210527,0.6470588235294118,2019-20,,0.5789473684210527,0.42105263157894735,0.5,2021-22,
2018-19,4211,0.7857142857142857,0.75,2019-20,,0.7857142857142857,0.5,0.6176470588235294,2021-22,
2018-19,0281,0.6206896551724138,0.5294117647058824,2019-20,,0.6206896551724138,0.3103448275862069,0.3333333333333333,2021-22,
2018-19,4361,0.52,0.41935483870967744,2019-20,,0.52,0.44,0.44,2021-22,
2018-19,1551,0.9010989010989011,0.8631578947368421,2019-20,,0.9010989010989011,0.7472527472527473,0.8292682926829268,2021-22,
2018-19,3442,0.8082191780821918,0.7564102564102564,2019-20,,0.8082191780821918,0.6027397260273972,0.6567164179104478,2021-22,
2018-19,3881,0.6296296296296297,0.6071428571428571,2019-20,,0.6296296296296297,0.25925925925925924,0.30434782608695654,2021-22,
2018-19,4747,0.45161290322580644,0.3888888888888889,2019-20,,0.45161290322580644,0.16129032258064516,0.16129032258064516,2021-22,
2018-19,2451,0.7777777777777778,0.6363636363636364,2019-20,,0.7777777777777778,0.6388888888888888,0.575,2021-22,
2018-19,2241,0.72,0.6428571428571429,2019-20,,0.72,0.4,0.38461538461538464,2021-22,
2018-19,3731,0.6923076923076923,0.7346938775510204,2019-20,,0.6923076923076923,0.4423076923076923,0.5348837209302325,2021-22,
2018-19,3841,0.6875,0.673469387755102,2019-20,,0.6875,0.3541666666666667,0.37777777777777777,2021-22,
2018-19,0042,0.66,0.717391304347826,2019-20,,0.66,0.42,0.5384615384615384,2021-22,
2018-19,4941,0.8709677419354839,0.7297297297297297,2019-20,,0.8709677419354839,0.5483870967741935,0.6296296296296297,2021-22,
2018-19,0056,0.7872340425531915,0.8043478260869565,2019-20,,0.7872340425531915,0.48936170212765956,0.6216216216216216,2021-22,
2018-19,4581,0.9318181818181818,0.8723404255319149,2019-20,,0.9318181818181818,0.75,0.7857142857142857,2021-22,
2018-19,2551,0.8181818181818182,0.8035714285714286,2019-20,,0.8181818181818182,0.6727272727272727,0.8222222222222222,2021-22,
2018-19,0291,0.7738095238095238,0.8125,2019-20,,0.7738095238095238,0.5714285714285714,0.6956521739130435,2021-22,
2018-19,1401,0.5483870967741935,0.5483870967741935,2019-20,,0.5483870967741935,0.3870967741935484,0.46153846153846156,2021-22,
2018-19,1831,0.7857142857142857,0.7857142857142857,2019-20,,0.7857142857142857,0.5357142857142857,0.5769230769230769,2021-22,
2018-19,0571,0.8536585365853658,0.8536585365853658,2019-20,,0.8536585365853658,0.6829268292682927,0.7,2021-22,
2018-19,2561,0.9354838709677419,0.7435897435897436,2019-20,,0.9354838709677419,0.8064516129032258,0.7142857142857143,2021-22,
2018-19,4481,0.8823529411764706,0.9090909090909091,2019-20,,0.8823529411764706,0.6470588235294118,0.7333333333333333,2021-22,
2018-19,0070,0.7941176470588235,0.75,2019-20,,0.7941176470588235,0.5882352941176471,0.5714285714285714,2021-22,
2018-19,4681,0.7142857142857143,0.5555555555555556,2019-20,,0.7142857142857143,0.47619047619047616,0.4,2021-22,
2018-19,1761,0.625,0.5555555555555556,2019-20,,0.625,0.4166666666666667,0.5,2021-22,
2018-19,3441,0.8372093023255814,0.8,2019-20,,0.8372093023255814,0.6744186046511628,0.5686274509803921,2021-22,
2018-19,4201,0.4772727272727273,0.4117647058823529,2019-20,,0.4772727272727273,0.2727272727272727,0.2857142857142857,2021-22,
2018-19,1324,0.7384615384615385,0.7741935483870968,2019-20,,0.7384615384615385,0.4461538461538462,0.5471698113207547,2021-22,
2018-19,1781,0.5277777777777778,0.41304347826086957,2019-20,,0.5277777777777778,0.19444444444444445,0.175,2021-22,
2018-19,0054,0.775,0.6458333333333334,2019-20,,0.775,0.45,0.47368421052631576,2021-22,
2018-19,3041,0.8461538461538461,0.7857142857142857,2019-20,,0.8461538461538461,0.38461538461538464,0.4,2021-22,
2018-19,1080,0.7592592592592593,0.7454545454545455,2019-20,,0.7592592592592593,0.48148148148148145,0.5777777777777777,2021-22,
2018-19,3241,0.7,0.7777777777777778,2019-20,,0.7,0.5,0.6,2021-22,
2018-19,0201,0.82,0.82,2019-20,,0.82,0.66,0.7333333333333333,2021-22,
2018-19,1201,0.75,0.717391304347826,2019-20,,0.75,0.5,0.5641025641025641,2021-22,
2018-19,0271,0.8888888888888888,0.8648648648648649,2019-20,,0.8888888888888888,0.5555555555555556,0.5405405405405406,2021-22,
2018-19,0861,0.8048780487804879,0.75,2019-20,,0.8048780487804879,0.6829268292682927,0.6829268292682927,2021-22,
2018-19,1482,0.19047619047619047,0.16,2019-20,,0.19047619047619047,0.23809523809523808,0.18518518518518517,2021-22,
2018-19,3851,0.8378378378378378,0.8611111111111112,2019-20,,0.8378378378378378,0.6486486486486487,0.7272727272727273,2021-22,
2018-19,3181,0.8484848484848485,0.875,2019-20,,0.8484848484848485,0.48484848484848486,0.5925925925925926,2021-22,
2018-19,0125,0.7083333333333334,0.7555555555555555,2019-20,,0.7083333333333334,0.4375,0.4883720930232558,2021-22,
2018-19,1021,0.8301886792452831,0.8627450980392157,2019-20,,0.8301886792452831,0.49056603773584906,0.5652173913043478,2021-22,
2018-19,2321,0.5686274509803921,0.5686274509803921,2019-20,,0.5686274509803921,0.4117647058823529,0.4666666666666667,2021-22,
2018-19,0191,0.6578947368421053,0.6578947368421053,2019-20,,0.6578947368421053,0.39473684210526316,0.5,2021-22,
2018-19,4261,0.8867924528301887,0.8545454545454545,2019-20,,0.8867924528301887,0.7358490566037735,0.8125,2021-22,
2018-19,4761,0.8378378378378378,0.7948717948717948,2019-20,,0.8378378378378378,0.5405405405405406,0.6451612903225806,2021-22,
2018-19,1776,0.8285714285714286,0.7631578947368421,2019-20,,0.8285714285714286,0.6,0.6774193548387096,2021-22,
2018-19,0102,0.868421052631579,0.8048780487804879,2019-20,,0.868421052631579,0.7631578947368421,0.6744186046511628,2021-22,
2018-19,0651,0.7,0.6774193548387096,2019-20,,0.7,0.4166666666666667,0.4716981132075472,2021-22,
2018-19,0962,0.6538461538461539,0.6071428571428571,2019-20,,0.6538461538461539,0.46153846153846156,0.4444444444444444,2021-22,
2018-19,0051,0.8333333333333334,0.8,2019-20,,0.8333333333333334,0.5416666666666666,0.6190476190476191,2021-22,
2018-19,2441,0.896551724137931,0.7222222222222222,2019-20,,0.896551724137931,0.5862068965517241,0.5483870967741935,2021-22,
2018-19,3921,0.6538461538461539,0.6296296296296297,2019-20,,0.6538461538461539,0.3076923076923077,0.3333333333333333,2021-22,
2018-19,0841,0.5862068965517241,0.5483870967741935,2019-20,,0.5862068965517241,0.3448275862068966,0.38461538461538464,2021-22,
2018-19,2521,0.5357142857142857,0.6,2019-20,,0.5357142857142857,0.21428571428571427,0.2857142857142857,2021-22,
2018-19,0052,0.45,0.4864864864864865,2019-20,,0.45,0.175,0.20588235294117646,2021-22,
2018-19,1471,0.8148148148148148,0.7096774193548387,2019-20,,0.8148148148148148,0.4444444444444444,0.4444444444444444,2021-22,
2018-19,0120,0.5357142857142857,0.46875,2019-20,,0.5357142857142857,0.2857142857142857,0.34782608695652173,2021-22,
2018-19,0802,0.7735849056603774,0.803921568627451,2019-20,,0.7735849056603774,0.5849056603773585,0.6595744680851063,2021-22,
2018-19,2601,0.9387755102040817,0.8363636363636363,2019-20,,0.9387755102040817,0.7551020408163265,0.6981132075471698,2021-22,
2018-19,1441,0.9166666666666666,0.9166666666666666,2019-20,,0.9166666666666666,0.7833333333333333,0.8103448275862069,2021-22,
2018-19,0881,0.9047619047619048,0.76,2019-20,,0.9047619047619048,0.5714285714285714,0.6,2021-22,
2018-19,0085,0.9361702127659575,0.8979591836734694,2019-20,,0.9361702127659575,0.8297872340425532,0.78,2021-22,
2018-19,4841,0.7272727272727273,0.7272727272727273,2019-20,,0.7272727272727273,0.5757575757575758,0.6333333333333333,2021-22,
2018-19,3082,0.9245283018867925,0.8166666666666667,2019-20,,0.9245283018867925,0.8113207547169812,0.7413793103448276,2021-22,
2018-19,2461,0.9117647058823529,0.8611111111111112,2019-20,,0.9117647058823529,0.5882352941176471,0.6451612903225806,2021-22,
2018-19,0527,0.94,0.8867924528301887,2019-20,,0.94,0.82,0.7592592592592593,2021-22,
2018-19,0110,0.9298245614035088,0.8833333333333333,2019-20,,0.9298245614035088,0.5614035087719298,0.6808510638297872,2021-22,
2018-19,4961,0.6410256410256411,0.6097560975609756,2019-20,,0.6410256410256411,0.2564102564102564,0.2702702702702703,2021-22,
2018-19,2531,0.6666666666666666,0.5517241379310345,2019-20,,0.6666666666666666,0.5,0.42857142857142855,2021-22,
2018-19,4611,0.88,0.9166666666666666,2019-20,,0.88,0.7,0.7446808510638298,2021-22,
2018-19,0161,0.8461538461538461,0.7586206896551724,2019-20,,0.8461538461538461,0.6538461538461539,0.5666666666666667,2021-22,
2018-19,1101,0.5641025641025641,0.5945945945945946,2019-20,,0.5641025641025641,0.4358974358974359,0.4857142857142857,2021-22,
2018-19,0851,0.8679245283018868,0.8679245283018868,2019-20,,0.8679245283018868,0.6226415094339622,0.717391304347826,2021-22,
2018-19,2721,0.5609756097560976,0.5227272727272727,2019-20,,0.5609756097560976,0.36585365853658536,0.3488372093023256,2021-22,
2018-19,1871,0.7843137254901961,0.7272727272727273,2019-20,,0.7843137254901961,0.6862745098039216,0.7,2021-22,
2018-19,0561,0.8648648648648649,0.8648648648648649,2019-20,,0.8648648648648649,0.6216216216216216,0.6764705882352942,2021-22,
2018-19,3081,0.7555555555555555,0.6938775510204082,2019-20,,0.7555555555555555,0.4444444444444444,0.46511627906976744,2021-22,
2018-19,0121,0.6521739130434783,0.6521739130434783,2019-20,,0.6521739130434783,0.34782608695652173,0.47058823529411764,2021-22,
2018-19,3141,0.8048780487804879,0.7857142857142857,2019-20,,0.8048780487804879,0.5121951219512195,0.6774193548387096,2021-22,
2018-19,3681,0.85,0.8292682926829268,2019-20,,0.85,0.625,0.6410256410256411,2021-22,
2018-19,1001,0.8421052631578947,0.7441860465116279,2019-20,,0.8421052631578947,0.7368421052631579,0.7,2021-22,
2018-19,3151,0.8387096774193549,0.7027027027027027,2019-20,,0.8387096774193549,0.6774193548387096,0.6,2021-22,
2018-19,2882,0.90625,0.7631578947368421,2019-20,,0.90625,0.6875,0.7096774193548387,2021-22,
2018-19,0128,0.475,0.475,2019-20,,0.475,0.05,0.058823529411764705,2021-22,
2018-19,3951,0.631578947368421,0.6,2019-20,,0.631578947368421,0.3157894736842105,0.2857142857142857,2021-22,
2018-19,0311,0.8222222222222222,0.8222222222222222,2019-20,,0.8222222222222222,0.5555555555555556,0.6097560975609756,2021-22,
2018-19,1941,0.8604651162790697,0.8222222222222222,2019-20,,0.8604651162790697,0.6046511627906976,0.6046511627906976,2021-22,
2018-19,2771,0.8918918918918919,0.717391304347826,2019-20,,0.8918918918918919,0.6216216216216216,0.5476190476190477,2021-22,
2018-19,2361,0.65,0.5652173913043478,2019-20,,0.65,0.5,0.43478260869565216,2021-22,
2018-19,0521,0.7380952380952381,0.7209302325581395,2019-20,,0.7380952380952381,0.5952380952380952,0.625,2021-22,
2018-19,0801,0.9354838709677419,0.8285714285714286,2019-20,,0.9354838709677419,0.8387096774193549,0.7222222222222222,2021-22,
2018-19,3362,0.696969696969697,0.6764705882352942,2019-20,,0.696969696969697,0.6060606060606061,0.6060606060606061,2021-22,
2018-19,2431,0.8947368421052632,0.8947368421052632,2019-20,,0.8947368421052632,0.7631578947368421,0.8529411764705882,2021-22,
2018-19,3771,0.8611111111111112,0.7560975609756098,2019-20,,0.8611111111111112,0.5555555555555556,0.4444444444444444,2021-22,
2018-19,2961,0.7931034482758621,0.8214285714285714,2019-20,,0.7931034482758621,0.5172413793103449,0.5357142857142857,2021-22,
2018-19,1431,0.8611111111111112,0.8378378378378378,2019-20,,0.8611111111111112,0.5833333333333334,0.6363636363636364,2021-22,
2018-19,0005,0.6896551724137931,0.5128205128205128,2019-20,,0.6896551724137931,0.4482758620689655,0.325,2021-22,
2018-19,3861,0.8333333333333334,0.78125,2019-20,,0.8333333333333334,0.6666666666666666,0.6666666666666666,2021-22,
2018-19,4212,0.5945945945945946,0.6875,2019-20,,0.5945945945945946,0.35135135135135137,0.5,2021-22,
2018-19,4522,0.6037735849056604,0.6037735849056604,2019-20,,0.6037735849056604,0.4716981132075472,0.5813953488372093,2021-22,
2018-19,3801,0.9024390243902439,0.6981132075471698,2019-20,,0.9024390243902439,0.7073170731707317,0.6041666666666666,2021-22,
2018-19,3281,0.7647058823529411,0.7428571428571429,2019-20,,0.7647058823529411,0.4117647058823529,0.5,2021-22,
2018-19,4921,0.7941176470588235,0.9310344827586207,2019-20,,0.7941176470588235,0.4411764705882353,0.4166666666666667,2021-22,
2018-19,0931,0.6857142857142857,0.6486486486486487,2019-20,,0.6857142857142857,0.4857142857142857,0.4857142857142857,2021-22,
2018-19,1681,0.8108108108108109,0.8108108108108109,2019-20,,0.8108108108108109,0.6216216216216216,0.696969696969697,2021-22,
2018-19,3061,0.7083333333333334,0.68,2019-20,,0.7083333333333334,0.375,0.375,2021-22,
2018-19,3001,0.8787878787878788,0.8529411764705882,2019-20,,0.8787878787878788,0.5454545454545454,0.8181818181818182,2021-22,
2018-19,0691,0.7105263157894737,0.6923076923076923,2019-20,,0.7105263157894737,0.7105263157894737,0.7297297297297297,2021-22,
2018-19,0631,0.4864864864864865,0.46153846153846156,2019-20,,0.4864864864864865,0.21621621621621623,0.26666666666666666,2021-22,
2018-19,3641,0.8064516129032258,0.7142857142857143,2019-20,,0.8064516129032258,0.4838709677419355,0.45454545454545453,2021-22,
2018-19,4381,0.75,0.8108108108108109,2019-20,,0.75,0.525,0.6363636363636364,2021-22,
2018-19,0682,0.49019607843137253,0.43859649122807015,2019-20,,0.49019607843137253,0.3333333333333333,0.3269230769230769,2021-22,
2018-19,1281,0.35,0.3888888888888889,2019-20,,0.35,0.2,0.17391304347826086,2021-22,
2018-19,2261,0.6785714285714286,0.6333333333333333,2019-20,,0.6785714285714286,0.5714285714285714,0.5925925925925926,2021-22,
2018-19,3521,0.7272727272727273,0.6857142857142857,2019-20,,0.7272727272727273,0.6363636363636364,0.7,2021-22,
2018-19,0701,0.7333333333333333,0.717391304347826,2019-20,,0.7333333333333333,0.4444444444444444,0.5405405405405406,2021-22,
2018-19,0060,0.6842105263157895,0.5652173913043478,2019-20,,0.6842105263157895,0.47368421052631576,0.375,2021-22,
2018-19,1951,0.6666666666666666,0.6285714285714286,2019-20,,0.6666666666666666,0.42424242424242425,0.5,2021-22,
2018-19,0322,0.6046511627906976,0.6190476190476191,2019-20,,0.6046511627906976,0.2558139534883721,0.3235294117647059,2021-22,
2018-19,0641,0.8,0.7142857142857143,2019-20,,0.8,0.4,0.4,2021-22,
2018-19,4801,0.6666666666666666,0.6666666666666666,2019-20,,0.6666666666666666,0.6190476190476191,0.5909090909090909,2021-22,
2018-19,0086,0.8676470588235294,0.7972972972972973,2019-20,,0.8676470588235294,0.7205882352941176,0.7777777777777778,2021-22,
2018-19,3381,0.64,0.5714285714285714,2019-20,,0.64,0.36,0.3,2021-22,
2018-19,0072,0.8095238095238095,0.723404255319149,2019-20,,0.8095238095238095,0.4523809523809524,0.48717948717948717,2021-22,
2018-19,0059,0.8653846153846154,0.8035714285714286,2019-20,,0.8653846153846154,0.6730769230769231,0.6862745098039216,2021-22,
2018-19,0123,0.75,0.5454545454545454,2019-20,,0.75,0.625,0.625,2021-22,
2018-19,0771,0.7727272727272727,0.7391304347826086,2019-20,,0.7727272727272727,0.5909090909090909,0.5652173913043478,2021-22,
2018-19,2201,0.5806451612903226,0.5142857142857142,2019-20,,0.5806451612903226,0.3870967741935484,0.4,2021-22,
2018-19,1361,0.56,0.45161290322580644,2019-20,,0.56,0.36,0.36,2021-22,
2018-19,0092,0.6818181818181818,0.6122448979591837,2019-20,,0.6818181818181818,0.5227272727272727,0.5609756097560976,2021-22,
2018-19,2041,0.7333333333333333,0.5945945945945946,2019-20,,0.7333333333333333,0.4,0.41379310344827586,2021-22,
2018-19,3201,0.71875,0.6388888888888888,2019-20,,0.71875,0.21875,0.28,2021-22,
2018-19,4601,0.5294117647058824,0.6206896551724138,2019-20,,0.5294117647058824,0.29411764705882354,0.43478260869565216,2021-22,
2018-19,3961,0.6428571428571429,0.5806451612903226,2019-20,,0.6428571428571429,0.2857142857142857,0.2962962962962963,2021-22,
2018-19,3761,0.4857142857142857,0.40476190476190477,2019-20,,0.4857142857142857,0.34285714285714286,0.3,2021-22,
2018-19,0065,0.8888888888888888,0.7692307692307693,2019-20,,0.8888888888888888,0.6222222222222222,0.5185185185185185,2021-22,
2019-20,3620,0.8857142857142857,0.8857142857142857,2020-21,,0.8857142857142857,0.6285714285714286,0.7719298245614035,2022-23,
2019-20,2451,0.8636363636363636,0.8837209302325582,2020-21,,0.8636363636363636,0.5909090909090909,0.7428571428571429,2022-23,
2019-20,0073,0.7251908396946565,0.8636363636363636,2020-21,,0.7251908396946565,0.3816793893129771,0.6944444444444444,2022-23,
2019-20,3881,0.6785714285714286,0.7037037037037037,2020-21,,0.6785714285714286,0.32142857142857145,0.47368421052631576,2022-23,
2019-20,3161,0.803921568627451,0.8913043478260869,2020-21,,0.803921568627451,0.5490196078431373,0.6222222222222222,2022-23,
2019-20,4442,0.775,0.7948717948717948,2020-21,,0.775,0.475,0.5588235294117647,2022-23,
2019-20,3441,0.8222222222222222,0.8409090909090909,2020-21,,0.8222222222222222,0.6888888888888889,0.6326530612244898,2022-23,
2019-20,0881,0.88,0.88,2020-21,,0.88,0.6,0.7142857142857143,2022-23,
2019-20,4201,0.5882352941176471,0.6382978723404256,2020-21,,0.5882352941176471,0.35294117647058826,0.4864864864864865,2022-23,
2019-20,0093,0.7195121951219512,0.7564102564102564,2020-21,,0.7195121951219512,0.47560975609756095,0.5735294117647058,2022-23,
2019-20,2651,0.75,0.7272727272727273,2020-21,,0.75,0.5,0.7272727272727273,2022-23,
2019-20,0841,0.7741935483870968,0.6857142857142857,2020-21,,0.7741935483870968,0.3225806451612903,0.43478260869565216,2022-23,
2019-20,1776,0.8157894736842105,0.8378378378378378,2020-21,,0.8157894736842105,0.39473684210526316,0.5,2022-23,
2019-20,3181,0.90625,0.8787878787878788,2020-21,,0.90625,0.5,0.5161290322580645,2022-23,
2019-20,3081,0.7142857142857143,0.7954545454545454,2020-21,,0.7142857142857143,0.42857142857142855,0.5384615384615384,2022-23,
2019-20,1881,0.8507462686567164,0.9047619047619048,2020-21,,0.8507462686567164,0.5522388059701493,0.6271186440677966,2022-23,
2019-20,3951,0.7,0.6363636363636364,2020-21,,0.7,0.325,0.35135135135135137,2022-23,
2019-20,0072,0.6808510638297872,0.7441860465116279,2020-21,,0.6808510638297872,0.3617021276595745,0.53125,2022-23,
2019-20,2321,0.8235294117647058,0.875,2020-21,,0.8235294117647058,0.5686274509803921,0.6304347826086957,2022-23,
2019-20,3442,0.8205128205128205,0.8205128205128205,2020-21,,0.8205128205128205,0.5512820512820513,0.7049180327868853,2022-23,
2019-20,3381,0.7142857142857143,0.6451612903225806,2020-21,,0.7142857142857143,0.32142857142857145,0.35294117647058826,2022-23,
2019-20,2042,0.5675675675675675,0.6,2020-21,,0.5675675675675675,0.2972972972972973,0.3142857142857143,2022-23,
2019-20,0041,0.5789473684210527,0.5238095238095238,2020-21,,0.5789473684210527,0.23684210526315788,0.32142857142857145,2022-23,
2019-20,0128,0.3,0.2926829268292683,2020-21,,0.3,0.075,0.13636363636363635,2022-23,
2019-20,0651,0.7903225806451613,0.765625,2020-21,,0.7903225806451613,0.4032258064516129,0.5681818181818182,2022-23,
2019-20,3371,0.8125,0.8584905660377359,2020-21,,0.8125,0.5267857142857143,0.6276595744680851,2022-23,
2019-20,0060,0.8695652173913043,0.9090909090909091,2020-21,,0.8695652173913043,0.6956521739130435,0.5925925925925926,2022-23,
2019-20,4141,0.8514851485148515,0.86,2020-21,,0.8514851485148515,0.5346534653465347,0.6428571428571429,2022-23,
2019-20,0120,0.65625,0.7241379310344828,2020-21,,0.65625,0.125,0.26666666666666666,2022-23,
2019-20,0682,0.6842105263157895,0.7090909090909091,2020-21,,0.6842105263157895,0.3333333333333333,0.4418604651162791,2022-23,
2019-20,0052,0.8378378378378378,0.7560975609756098,2020-21,,0.8378378378378378,0.24324324324324326,0.28125,2022-23,
2019-20,0121,0.7391304347826086,0.7727272727272727,2020-21,,0.7391304347826086,0.34782608695652173,0.4444444444444444,2022-23,
2019-20,3082,0.8666666666666667,0.8666666666666667,2020-21,,0.8666666666666667,0.7166666666666667,0.7543859649122807,2022-23,
2019-20,3922,0.8490566037735849,0.8653846153846154,2020-21,,0.8490566037735849,0.660377358490566,0.7,2022-23,
2019-20,3151,0.8378378378378378,0.7948717948717948,2020-21,,0.8378378378378378,0.5405405405405406,0.5882352941176471,2022-23,
2019-20,0086,0.8918918918918919,0.9295774647887324,2020-21,,0.8918918918918919,0.6486486486486487,0.8,2022-23,
2019-20,3431,0.8425925925925926,0.8666666666666667,2020-21,,0.8425925925925926,0.5925925925925926,0.7111111111111111,2022-23,
2019-20,2201,0.7142857142857143,0.7575757575757576,2020-21,,0.7142857142857143,0.37142857142857144,0.41935483870967744,2022-23,
2019-20,3561,0.8888888888888888,0.8333333333333334,2020-21,,0.8888888888888888,0.4888888888888889,0.6875,2022-23,
2019-20,1721,0.7714285714285715,0.8181818181818182,2020-21,,0.7714285714285715,0.5428571428571428,0.5428571428571428,2022-23,
2019-20,4761,0.8461538461538461,0.868421052631579,2020-21,,0.8461538461538461,0.5641025641025641,0.7333333333333333,2022-23,
2019-20,0851,0.8301886792452831,0.88,2020-21,,0.8301886792452831,0.6792452830188679,0.782608695652174,2022-23,
2019-20,5041,0.7058823529411765,0.6857142857142857,2020-21,,0.7058823529411765,0.35294117647058826,0.48,2022-23,
2019-20,1361,0.5806451612903226,0.6666666666666666,2020-21,,0.5806451612903226,0.3225806451612903,0.4166666666666667,2022-23,
2019-20,0074,0.9534883720930233,0.9761904761904762,2020-21,,0.9534883720930233,0.5813953488372093,0.8333333333333334,2022-23,
2019-20,2241,0.7142857142857143,0.7272727272727273,2020-21,,0.7142857142857143,0.375,0.45652173913043476,2022-23,
2019-20,1471,0.5483870967741935,0.6538461538461539,2020-21,,0.5483870967741935,0.3548387096774194,0.39285714285714285,2022-23,
2019-20,0110,0.8,0.96,2020-21,,0.8,0.45,0.574468085106383,2022-23,
2019-20,3004,0.6938775510204082,0.6938775510204082,2020-21,,0.6938775510204082,0.40816326530612246,0.46511627906976744,2022-23,
2019-20,1551,0.8842105263157894,0.9032258064516129,2020-21,,0.8842105263157894,0.631578947368421,0.7317073170731707,2022-23,
2019-20,0089,0.8316831683168316,0.8235294117647058,2020-21,,0.8316831683168316,0.6336633663366337,0.7032967032967034,2022-23,
2019-20,0069,0.8118811881188119,0.9213483146067416,2020-21,,0.8118811881188119,0.504950495049505,0.6710526315789473,2022-23,
2019-20,2441,0.8333333333333334,0.8823529411764706,2020-21,,0.8333333333333334,0.4722222222222222,0.5666666666666667,2022-23,
2019-20,4731,0.8785046728971962,0.912621359223301,2020-21,,0.8785046728971962,0.5794392523364486,0.7560975609756098,2022-23,
2019-20,3121,0.7843137254901961,0.7407407407407407,2020-21,,0.7843137254901961,0.6862745098039216,0.7,2022-23,
2019-20,4221,0.82,0.82,2020-21,,0.82,0.64,0.6530612244897959,2022-23,
2019-20,4522,0.7547169811320755,0.8,2020-21,,0.7547169811320755,0.4528301886792453,0.631578947368421,2022-23,
2019-20,4561,0.48717948717948717,0.5135135135135135,2020-21,,0.48717948717948717,0.23076923076923078,0.3,2022-23,
2019-20,0291,0.7375,0.8082191780821918,2020-21,,0.7375,0.5,0.6349206349206349,2022-23,
2019-20,2801,0.78,0.78,2020-21,,0.78,0.34,0.5483870967741935,2022-23,
2019-20,1871,0.9454545454545454,0.9454545454545454,2020-21,,0.9454545454545454,0.5818181818181818,0.6808510638297872,2022-23,
2019-20,4441,0.6923076923076923,0.782608695652174,2020-21,,0.6923076923076923,0.4230769230769231,0.44,2022-23,
2019-20,4281,0.8285714285714286,0.725,2020-21,,0.8285714285714286,0.34285714285714286,0.46153846153846156,2022-23,
2019-20,0043,0.4868421052631579,0.5211267605633803,2020-21,,0.4868421052631579,0.2894736842105263,0.36065573770491804,2022-23,
2019-20,1324,0.6935483870967742,0.7049180327868853,2020-21,,0.6935483870967742,0.24193548387096775,0.32608695652173914,2022-23,
2019-20,2401,0.6666666666666666,0.6666666666666666,2020-21,,0.6666666666666666,0.2857142857142857,0.3157894736842105,2022-23,
2019-20,3171,0.8760330578512396,0.8833333333333333,2020-21,,0.8760330578512396,0.6033057851239669,0.6293103448275862,2022-23,
2019-20,3961,0.6129032258064516,0.5757575757575758,2020-21,,0.6129032258064516,0.2903225806451613,0.391304347826087,2022-23,
2019-20,2521,0.72,0.6666666666666666,2020-21,,0.72,0.36,0.4090909090909091,2022-23,
2019-20,0055,0.6470588235294118,0.6179775280898876,2020-21,,0.6470588235294118,0.3058823529411765,0.35135135135135137,2022-23,
2019-20,0322,0.7619047619047619,0.7804878048780488,2020-21,,0.7619047619047619,0.16666666666666666,0.21212121212121213,2022-23,
2019-20,1681,0.918918918918919,0.918918918918919,2020-21,,0.918918918918919,0.5675675675675675,0.6363636363636364,2022-23,
2019-20,1781,0.6739130434782609,0.6458333333333334,2020-21,,0.6739130434782609,0.2391304347826087,0.2894736842105263,2022-23,
2019-20,0281,0.7647058823529411,0.7647058823529411,2020-21,,0.7647058823529411,0.38235294117647056,0.48148148148148145,2022-23,
2019-20,3784,0.76,0.8444444444444444,2020-21,,0.76,0.32,0.48484848484848486,2022-23,
2019-20,4921,0.8275862068965517,0.7058823529411765,2020-21,,0.8275862068965517,0.3103448275862069,0.3333333333333333,2022-23,
2019-20,4241,0.725,0.8529411764705882,2020-21,,0.725,0.525,0.7,2022-23,
2019-20,1291,0.8623853211009175,0.8867924528301887,2020-21,,0.8623853211009175,0.6238532110091743,0.7010309278350515,2022-23,
2019-20,1541,0.7439024390243902,0.8133333333333334,2020-21,,0.7439024390243902,0.4634146341463415,0.6031746031746031,2022-23,
2019-20,4611,0.8958333333333334,0.8431372549019608,2020-21,,0.8958333333333334,0.7083333333333334,0.7083333333333334,2022-23,
2019-20,4381,0.7837837837837838,0.7631578947368421,2020-21,,0.7837837837837838,0.4594594594594595,0.5151515151515151,2022-23,
2019-20,1542,0.8709677419354839,0.84375,2020-21,,0.8709677419354839,0.3548387096774194,0.6470588235294118,2022-23,
2019-20,0131,0.6774193548387096,0.6923076923076923,2020-21,,0.6774193548387096,0.3763440860215054,0.44871794871794873,2022-23,
2019-20,1201,0.8043478260869565,0.8409090909090909,2020-21,,0.8043478260869565,0.43478260869565216,0.5128205128205128,2022-23,
2019-20,0084,0.8958333333333334,0.8775510204081632,2020-21,,0.8958333333333334,0.5833333333333334,0.5957446808510638,2022-23,
2019-20,0065,0.75,0.8297872340425532,2020-21,,0.75,0.5961538461538461,0.5740740740740741,2022-23,
2019-20,3841,0.6938775510204082,0.6938775510204082,2020-21,,0.6938775510204082,0.2857142857142857,0.3783783783783784,2022-23,
2019-20,1761,0.7777777777777778,0.7777777777777778,2020-21,,0.7777777777777778,0.2962962962962963,0.38095238095238093,2022-23,
2019-20,0561,0.7837837837837838,0.8285714285714286,2020-21,,0.7837837837837838,0.40540540540540543,0.5,2022-23,
2019-20,0962,0.6071428571428571,0.6071428571428571,2020-21,,0.6071428571428571,0.5,0.5384615384615384,2022-23,
2019-20,2362,0.7142857142857143,0.8,2020-21,,0.7142857142857143,0.14285714285714285,0.18181818181818182,2022-23,
2019-20,3731,0.7551020408163265,0.8222222222222222,2020-21,,0.7551020408163265,0.4897959183673469,0.5714285714285714,2022-23,
2019-20,2851,0.9298245614035088,0.9298245614035088,2020-21,,0.9298245614035088,0.6491228070175439,0.7708333333333334,2022-23,
2019-20,0631,0.717948717948718,0.7368421052631579,2020-21,,0.717948717948718,0.3076923076923077,0.4444444444444444,2022-23,
2019-20,3141,0.8571428571428571,0.8571428571428571,2020-21,,0.8571428571428571,0.47619047619047616,0.6451612903225806,2022-23,
2019-20,4722,0.7037037037037037,0.6785714285714286,2020-21,,0.7037037037037037,0.3333333333333333,0.3333333333333333,2022-23,
2019-20,3362,0.9705882352941176,0.9166666666666666,2020-21,,0.9705882352941176,0.6764705882352942,0.7666666666666667,2022-23,
2019-20,2421,0.7411764705882353,0.8181818181818182,2020-21,,0.7411764705882353,0.5294117647058824,0.6521739130434783,2022-23,
2019-20,3802,0.86,0.8431372549019608,2020-21,,0.86,0.56,0.5957446808510638,2022-23,
2019-20,1080,0.8363636363636363,0.8363636363636363,2020-21,,0.8363636363636363,0.41818181818181815,0.5476190476190477,2022-23,
2019-20,1322,0.801980198019802,0.8709677419354839,2020-21,,0.801980198019802,0.5643564356435643,0.75,2022-23,
2019-20,0761,0.8360655737704918,0.8095238095238095,2020-21,,0.8360655737704918,0.32786885245901637,0.425531914893617,2022-23,
2019-20,0931,0.7837837837837838,0.7435897435897436,2020-21,,0.7837837837837838,0.4594594594594595,0.5,2022-23,
2019-20,2471,0.819672131147541,0.847457627118644,2020-21,,0.819672131147541,0.4918032786885246,0.6,2022-23,
2019-20,1481,0.5882352941176471,0.6666666666666666,2020-21,,0.5882352941176471,0.29411764705882354,0.4,2022-23,
2019-20,1482,0.8,0.6896551724137931,2020-21,,0.8,0.4,0.3448275862068966,2022-23,
2019-20,3801,0.8490566037735849,0.8653846153846154,2020-21,,0.8490566037735849,0.5660377358490566,0.6976744186046512,2022-23,
2019-20,4211,0.75,0.825,2020-21,,0.75,0.5454545454545454,0.6,2022-23,
2019-20,3761,0.7619047619047619,0.7441860465116279,2020-21,,0.7619047619047619,0.3333333333333333,0.5,2022-23,
2019-20,0284,0.8163265306122449,0.8163265306122449,2020-21,,0.8163265306122449,0.4897959183673469,0.8,2022-23,
2019-20,4741,0.8085106382978723,0.8085106382978723,2020-21,,0.8085106382978723,0.5531914893617021,0.6666666666666666,2022-23,
2019-20,1101,0.8108108108108109,0.7692307692307693,2020-21,,0.8108108108108109,0.43243243243243246,0.5161290322580645,2022-23,
2019-20,2601,0.8909090909090909,0.9607843137254902,2020-21,,0.8909090909090909,0.6909090909090909,0.71698113207547165,2022-23,
2019-20,4651,0.8867924528301887,0.8703703703703703,2020-21,,0.8867924528301887,0.5660377358490566,0.625,2022-23,
2019-20,2261,0.8333333333333334,0.8928571428571429,2020-21,,0.8333333333333334,0.43333333333333335,0.5416666666666666,2022-23,
2019-20,2841,0.8095238095238095,0.7727272727272727,2020-21,,0.8095238095238095,0.5238095238095238,0.5,2022-23,
2019-20,2721,0.8181818181818182,0.8,2020-21,,0.8181818181818182,0.36363636363636365,0.38095238095238093,2022-23,
2019-20,0401,0.8113207547169812,0.9347826086956522,2020-21,,0.8113207547169812,0.4716981132075472,0.6578947368421053,2022-23,
2019-20,3201,0.8055555555555556,0.8787878787878788,2020-21,,0.8055555555555556,0.3055555555555556,0.4583333333333333,2022-23,
2019-20,4961,0.7073170731707317,0.725,2020-21,,0.7073170731707317,0.36585365853658536,0.39473684210526316,2022-23,
2019-20,0085,0.9387755102040817,0.9387755102040817,2020-21,,0.9387755102040817,0.40816326530612246,0.39215686274509803,2022-23,
2019-20,0842,0.5882352941176471,0.5263157894736842,2020-21,,0.5882352941176471,0.35294117647058826,0.35294117647058826,2022-23,
2019-20,0054,0.7083333333333334,0.7083333333333334,2020-21,,0.7083333333333334,0.3333333333333333,0.45714285714285713,2022-23,
2019-20,4681,0.8148148148148148,0.9166666666666666,2020-21,,0.8148148148148148,0.25925925925925924,0.28,2022-23,
2019-20,0070,0.8333333333333334,0.7894736842105263,2020-21,,0.8333333333333334,0.4722222222222222,0.5151515151515151,2022-23,
2019-20,0151,0.8425925925925926,0.8584905660377359,2020-21,,0.8425925925925926,0.5648148148148148,0.6777777777777778,2022-23,
2019-20,4747,0.4444444444444444,0.45714285714285713,2020-21,,0.4444444444444444,0.19444444444444445,0.3181818181818182,2022-23,
2019-20,3681,0.926829268292683,0.8636363636363636,2020-21,,0.926829268292683,0.5121951219512195,0.6,2022-23,
2019-20,0861,0.8409090909090909,0.8222222222222222,2020-21,,0.8409090909090909,0.6590909090909091,0.725,2022-23,
2019-20,3771,0.7560975609756098,0.62,2020-21,,0.7560975609756098,0.2926829268292683,0.27906976744186046,2022-23,
2019-20,4841,0.7878787878787878,0.7428571428571429,2020-21,,0.7878787878787878,0.5454545454545454,0.5625,2022-23,
2019-20,0191,0.5789473684210527,0.7586206896551724,2020-21,,0.5789473684210527,0.34210526315789475,0.4482758620689655,2022-23,
2019-20,1951,0.7142857142857143,0.8333333333333334,2020-21,,0.7142857142857143,0.2571428571428571,0.32142857142857145,2022-23,
2019-20,4151,0.8969072164948454,0.8787878787878788,2020-21,,0.8969072164948454,0.6288659793814433,0.7093023255813954,2022-23,
2019-20,0056,0.8043478260869565,0.925,2020-21,,0.8043478260869565,0.391304347826087,0.5454545454545454,2022-23,
2019-20,1001,0.8837209302325582,0.8837209302325582,2020-21,,0.8837209302325582,0.6744186046511628,0.6904761904761905,2022-23,
2019-20,0082,0.82,0.803921568627451,2020-21,,0.82,0.3,0.4411764705882353,2022-23,
2019-20,1021,0.6666666666666666,0.6666666666666666,2020-21,,0.6666666666666666,0.43137254901960786,0.5,2022-23,
2019-20,2551,0.8035714285714286,0.8333333333333334,2020-21,,0.8035714285714286,0.625,0.8536585365853658,2022-23,
2019-20,2561,0.9743589743589743,0.8636363636363636,2020-21,,0.9743589743589743,0.6153846153846154,0.7058823529411765,2022-23,
2019-20,4361,0.7419354838709677,0.92,2020-21,,0.7419354838709677,0.3548387096774194,0.44,2022-23,
2019-20,0042,0.8695652173913043,0.8695652173913043,2020-21,,0.8695652173913043,0.43478260869565216,0.5,2022-23,
2019-20,2882,0.9210526315789473,0.9459459459459459,2020-21,,0.9210526315789473,0.631578947368421,0.6857142857142857,2022-23,
2019-20,0261,0.8,0.8571428571428571,2020-21,,0.8,0.5666666666666667,0.6296296296296297,2022-23,
2019-20,3001,0.8529411764705882,0.90625,2020-21,,0.8529411764705882,0.4411764705882353,0.6818181818181818,2022-23,
2019-20,2291,0.8536585365853658,0.8333333333333334,2020-21,,0.8536585365853658,0.5853658536585366,0.6666666666666666,2022-23,
2019-20,0641,0.6785714285714286,0.7916666666666666,2020-21,,0.6785714285714286,0.42857142857142855,0.48,2022-23,
2019-20,3061,0.72,0.8571428571428571,2020-21,,0.72,0.36,0.5,2022-23,
2019-20,0092,0.8367346938775511,0.8541666666666666,2020-21,,0.8367346938775511,0.5510204081632653,0.6428571428571429,2022-23,
2019-20,4581,0.8936170212765957,0.9130434782608695,2020-21,,0.8936170212765957,0.6808510638297872,0.7619047619047619,2022-23,
2019-20,4212,0.75,0.7741935483870968,2020-21,,0.75,0.46875,0.5769230769230769,2022-23,
2019-20,0282,0.631578947368421,0.6,2020-21,,0.631578947368421,0.10526315789473684,0.18181818181818182,2022-23,
2019-20,2041,0.7297297297297297,0.8181818181818182,2020-21,,0.7297297297297297,0.3783783783783784,0.4666666666666667,2022-23,
2019-20,0772,0.8888888888888888,0.9056603773584906,2020-21,,0.8888888888888888,0.6296296296296297,0.68,2022-23,
2019-20,1401,0.8064516129032258,0.8064516129032258,2020-21,,0.8064516129032258,0.3870967741935484,0.5,2022-23,
2019-20,3521,0.9142857142857143,0.9142857142857143,2020-21,,0.9142857142857143,0.4857142857142857,0.6538461538461539,2022-23,
2019-20,2431,0.7894736842105263,0.8333333333333334,2020-21,,0.7894736842105263,0.5526315789473685,0.65625,2022-23,
2019-20,0100,0.8653846153846154,0.8490566037735849,2020-21,,0.8653846153846154,0.7115384615384616,0.7254901960784313,2022-23,
2019-20,0161,0.896551724137931,0.8387096774193549,2020-21,,0.896551724137931,0.6206896551724138,0.6428571428571429,2022-23,
2019-20,0081,0.8484848484848485,0.8235294117647058,2020-21,,0.8484848484848485,0.7272727272727273,0.75,2022-23,
2019-20,3921,0.5925925925925926,0.6956521739130435,2020-21,,0.5925925925925926,0.2962962962962963,0.38095238095238093,2022-23,
2019-20,3411,0.8952380952380953,0.9038461538461539,2020-21,,0.8952380952380953,0.6666666666666666,0.7446808510638298,2022-23,
2019-20,0701,0.7391304347826086,0.8095238095238095,2020-21,,0.7391304347826086,0.45652173913043476,0.6176470588235294,2022-23,
2019-20,3851,0.8888888888888888,0.9411764705882353,2020-21,,0.8888888888888888,0.5277777777777778,0.7037037037037037,2022-23,
2019-20,1281,0.6666666666666666,0.5714285714285714,2020-21,,0.6666666666666666,0.3333333333333333,0.2608695652173913,2022-23,
2019-20,2361,0.8260869565217391,0.76,2020-21,,0.8260869565217391,0.43478260869565216,0.47619047619047616,2022-23,
2019-20,3101,0.6875,0.7586206896551724,2020-21,,0.6875,0.4375,0.5185185185185185,2022-23,
2019-20,0802,0.8627450980392157,0.9565217391304348,2020-21,,0.8627450980392157,0.5882352941176471,0.6382978723404256,2022-23,
2019-20,4481,0.8484848484848485,0.8235294117647058,2020-21,,0.8484848484848485,0.5757575757575758,0.7916666666666666,2022-23,
2019-20,0051,0.92,0.92,2020-21,,0.92,0.52,0.6190476190476191,2022-23,
2019-20,0691,0.8974358974358975,0.9459459459459459,2020-21,,0.8974358974358975,0.6666666666666666,0.7428571428571429,2022-23,
2019-20,0201,0.98,0.9423076923076923,2020-21,,0.98,0.66,0.825,2022-23,
2019-20,0361,0.9591836734693877,0.9591836734693877,2020-21,,0.9591836734693877,0.7551020408163265,0.74,2022-23,
2019-20,0921,0.8936170212765957,0.8936170212765957,2020-21,,0.8936170212765957,0.5957446808510638,0.6222222222222222,2022-23,
2019-20,4261,0.8909090909090909,0.9245283018867925,2020-21,,0.8909090909090909,0.5636363636363636,0.6739130434782609,2022-23,
2019-20,4801,0.9047619047619048,0.8260869565217391,2020-21,,0.9047619047619048,0.47619047619047616,0.5882352941176471,2022-23,
2019-20,1051,0.82,0.8541666666666666,2020-21,,0.82,0.54,0.6136363636363636,2022-23,
2019-20,2531,0.7586206896551724,0.7857142857142857,2020-21,,0.7586206896551724,0.2413793103448276,0.28,2022-23,
2019-20,0059,0.8928571428571429,0.8928571428571429,2020-21,,0.8928571428571429,0.6607142857142857,0.74,2022-23,
2019-20,0527,0.9056603773584906,0.8727272727272727,2020-21,,0.9056603773584906,0.71698113207547165,0.7755102040816326,2022-23,
2019-20,0311,0.8222222222222222,0.8809523809523809,2020-21,,0.8222222222222222,0.5555555555555556,0.5681818181818182,2022-23,
2019-20,2961,0.75,0.84,2020-21,,0.75,0.5357142857142857,0.5555555555555556,2022-23,
2019-20,0141,0.9210526315789473,0.9459459459459459,2020-21,,0.9210526315789473,0.6578947368421053,0.7352941176470589,2022-23,
2019-20,2461,0.7777777777777778,0.8484848484848485,2020-21,,0.7777777777777778,0.5555555555555556,0.625,2022-23,
2019-20,1941,0.8666666666666667,0.9069767441860465,2020-21,,0.8666666666666667,0.5333333333333333,0.6486486486486487,2022-23,
2019-20,0102,0.8536585365853658,0.8536585365853658,2020-21,,0.8536585365853658,0.6585365853658537,0.675,2022-23,
2019-20,4591,0.8909090909090909,0.9245283018867925,2020-21,,0.8909090909090909,0.6545454545454545,0.72,2022-23,
2019-20,0005,0.8974358974358975,0.875,2020-21,,0.8974358974358975,0.46153846153846156,0.42857142857142855,2022-23,
2019-20,4941,0.7297297297297297,0.8181818181818182,2020-21,,0.7297297297297297,0.5135135135135135,0.6333333333333333,2022-23,
2019-20,3861,0.8125,0.8125,2020-21,,0.8125,0.75,0.7058823529411765,2022-23,
2019-20,3641,0.8571428571428571,0.8333333333333334,2020-21,,0.8571428571428571,0.45714285714285713,0.5161290322580645,2022-23,
2019-20,3241,0.7407407407407407,0.6896551724137931,2020-21,,0.7407407407407407,0.37037037037037035,0.4,2022-23,
2019-20,1081,0.6470588235294118,0.6111111111111112,2020-21,,0.6470588235294118,0.4117647058823529,0.3684210526315789,2022-23,
2019-20,4601,0.7931034482758621,0.7419354838709677,2020-21,,0.7931034482758621,0.3793103448275862,0.4583333333333333,2022-23,
2019-20,0123,0.6363636363636364,0.7,2020-21,,0.6363636363636364,0.45454545454545453,0.625,2022-23,
2019-20,3131,0.859375,0.8870967741935484,2020-21,,0.859375,0.484375,0.6458333333333334,2022-23,
2019-20,0125,0.7111111111111111,0.7111111111111111,2020-21,,0.7111111111111111,0.37777777777777777,0.4146341463414634,2022-23,
2019-20,4161,0.86,0.9148936170212766,2020-21,,0.86,0.6,0.6976744186046512,2022-23,
2019-20,0801,0.8857142857142857,0.8611111111111112,2020-21,,0.8857142857142857,0.8,0.8235294117647058,2022-23,
2019-20,0441,0.6551724137931034,0.76,2020-21,,0.6551724137931034,0.3793103448275862,0.55,2022-23,
2019-20,1441,0.95,0.9344262295081968,2020-21,,0.95,0.7833333333333333,0.8245614035087719,2022-23,
2019-20,2771,0.8478260869565217,0.7959183673469388,2020-21,,0.8478260869565217,0.6956521739130435,0.7619047619047619,2022-23,
2019-20,3041,0.5892857142857143,0.673469387755102,2020-21,,0.5892857142857143,0.3392857142857143,0.4523809523809524,2022-23,
2019-20,3622,0.8,0.8235294117647058,2020-21,,0.8,0.6285714285714286,0.6470588235294118,2022-23,
2019-20,1431,0.7027027027027027,0.8125,2020-21,,0.7027027027027027,0.40540540540540543,0.4166666666666667,2022-23,
2019-20,2871,0.8055555555555556,0.8529411764705882,2020-21,,0.8055555555555556,0.3055555555555556,0.36666666666666664,2022-23,
2019-20,0771,0.6521739130434783,0.7142857142857143,2020-21,,0.6521739130434783,0.4782608695652174,0.5238095238095238,2022-23,
2019-20,0271,0.7837837837837838,0.7837837837837838,2020-21,,0.7837837837837838,0.5405405405405406,0.5263157894736842,2022-23,
2019-20,3281,0.7714285714285715,0.7714285714285715,2020-21,,0.7714285714285715,0.22857142857142856,0.3076923076923077,2022-23,
2019-20,1831,0.8214285714285714,0.92,2020-21,,0.8214285714285714,0.6071428571428571,0.6296296296296297,2022-23,
2019-20,0521,0.813953488372093,0.7446808510638298,2020-21,,0.813953488372093,0.5581395348837209,0.5853658536585366,2022-23,
2019-20,1601,0.918918918918919,0.9444444444444444,2020-21,,0.918918918918919,0.5945945945945946,0.6111111111111112,2022-23,
2019-20,0571,0.8780487804878049,0.8571428571428571,2020-21,,0.8780487804878049,0.5121951219512195,0.5,2022-23,
2020-21,0089,0.8235294117647058,0.9032258064516129,2021-22,,0.8235294117647058,0.6568627450980392,0.7528089887640449,2023-24,
2020-21,0682,0.6909090909090909,0.7307692307692307,2021-22,,0.6909090909090909,0.2545454545454545,0.27450980392156865,2023-24,
2020-21,3004,0.673469387755102,0.7857142857142857,2021-22,,0.673469387755102,0.4489795918367347,0.5365853658536586,2023-24,
2020-21,0043,0.5774647887323944,0.7454545454545455,2021-22,,0.5774647887323944,0.352112676056338,0.4032258064516129,2023-24,
2020-21,1001,0.8604651162790697,0.925,2021-22,,0.8604651162790697,0.5581395348837209,0.6,2023-24,
2020-21,1951,0.7,0.75,2021-22,,0.7,0.26666666666666666,0.4444444444444444,2023-24,
2020-21,3784,0.6222222222222222,0.717948717948718,2021-22,,0.6222222222222222,0.28888888888888886,0.3939393939393939,2023-24,
2020-21,2841,0.8181818181818182,0.7659574468085106,2021-22,,0.8181818181818182,0.5454545454545454,0.5217391304347826,2023-24,
2020-21,3131,0.7419354838709677,0.8846153846153846,2021-22,,0.7419354838709677,0.4032258064516129,0.5,2023-24,
2020-21,3771,0.62,0.6888888888888889,2021-22,,0.62,0.28,0.3181818181818182,2023-24,
2020-21,0093,0.7692307692307693,0.8695652173913043,2021-22,,0.7692307692307693,0.5512820512820513,0.5657894736842105,2023-24,
2020-21,1551,0.8279569892473119,0.9390243902439024,2021-22,,0.8279569892473119,0.5591397849462365,0.6341463414634146,2023-24,
2020-21,2651,0.696969696969697,0.8518518518518519,2021-22,,0.696969696969697,0.45454545454545453,0.6818181818181818,2023-24,
2020-21,2851,0.7719298245614035,0.88,2021-22,,0.7719298245614035,0.6140350877192983,0.6862745098039216,2023-24,
2020-21,3082,0.9,0.9310344827586207,2021-22,,0.9,0.7833333333333333,0.8545454545454545,2023-24,
2020-21,4651,0.7037037037037037,0.7755102040816326,2021-22,,0.7037037037037037,0.5370370370370371,0.5576923076923077,2023-24,
2020-21,4611,0.8235294117647058,0.8936170212765957,2021-22,,0.8235294117647058,0.7058823529411765,0.7659574468085106,2023-24,
2020-21,0131,0.7142857142857143,0.7065217391304348,2021-22,,0.7142857142857143,0.38461538461538464,0.3723404255319149,2023-24,
2020-21,3171,0.8083333333333333,0.8738738738738738,2021-22,,0.8083333333333333,0.575,0.5798319327731093,2023-24,
2020-21,3442,0.7692307692307693,0.8955223880597015,2021-22,,0.7692307692307693,0.3974358974358974,0.5535714285714286,2023-24,
2020-21,0151,0.7547169811320755,0.8421052631578947,2021-22,,0.7547169811320755,0.5094339622641509,0.6206896551724138,2023-24,
2020-21,1781,0.5833333333333334,0.7,2021-22,,0.5833333333333334,0.2916666666666667,0.3783783783783784,2023-24,
2020-21,2241,0.7090909090909091,0.75,2021-22,,0.7090909090909091,0.2727272727272727,0.3488372093023256,2023-24,
2020-21,2421,0.7402597402597403,0.7916666666666666,2021-22,,0.7402597402597403,0.5454545454545454,0.5526315789473685,2023-24,
2020-21,2471,0.7796610169491526,0.8679245283018868,2021-22,,0.7796610169491526,0.3898305084745763,0.5348837209302325,2023-24,
2020-21,3371,0.78301886792452835,0.8829787234042553,2021-22,,0.78301886792452835,0.4811320754716981,0.5483870967741935,2023-24,
2020-21,4221,0.82,0.8541666666666666,2021-22,,0.82,0.58,0.5087719298245614,2023-24,
2020-21,0125,0.7333333333333333,0.7674418604651163,2021-22,,0.7333333333333333,0.3111111111111111,0.4,2023-24,
2020-21,4442,0.717948717948718,0.7777777777777778,2021-22,,0.717948717948718,0.5128205128205128,0.6060606060606061,2023-24,
2020-21,0291,0.8356164383561644,0.8840579710144928,2021-22,,0.8356164383561644,0.4520547945205479,0.55,2023-24,
2020-21,0921,0.8085106382978723,0.8085106382978723,2021-22,,0.8085106382978723,0.5531914893617021,0.5652173913043478,2023-24,
2020-21,1324,0.7049180327868853,0.8113207547169812,2021-22,,0.7049180327868853,0.19672131147540983,0.2608695652173913,2023-24,
2020-21,2771,0.7346938775510204,0.8571428571428571,2021-22,,0.7346938775510204,0.5714285714285714,0.6829268292682927,2023-24,
2020-21,4522,0.72,0.8372093023255814,2021-22,,0.72,0.44,0.5238095238095238,2023-24,
2020-21,0070,0.6842105263157895,0.7428571428571429,2021-22,,0.6842105263157895,0.4473684210526316,0.5,2023-24,
2020-21,3381,0.6774193548387096,0.7,2021-22,,0.6774193548387096,0.3225806451612903,0.37037037037037035,2023-24,
2020-21,3411,0.7692307692307693,0.8602150537634409,2021-22,,0.7692307692307693,0.6826923076923077,0.7553191489361702,2023-24,
2020-21,0055,0.48314606741573035,0.5733333333333334,2021-22,,0.48314606741573035,0.2808988764044944,0.35714285714285715,2023-24,
2020-21,0281,0.5882352941176471,0.7407407407407407,2021-22,,0.5882352941176471,0.35294117647058826,0.4444444444444444,2023-24,
2020-21,0102,0.8780487804878049,0.8372093023255814,2021-22,,0.8780487804878049,0.6829268292682927,0.7567567567567568,2023-24,
2020-21,1881,0.7936507936507936,0.7936507936507936,2021-22,,0.7936507936507936,0.4444444444444444,0.4827586206896552,2023-24,
2020-21,0322,0.4146341463414634,0.5,2021-22,,0.4146341463414634,0.0975609756097561,0.10526315789473684,2023-24,
2020-21,4141,0.81,0.9204545454545454,2021-22,,0.81,0.55,0.6707317073170732,2023-24,
2020-21,4747,0.7714285714285715,0.8709677419354839,2021-22,,0.7714285714285715,0.17142857142857143,0.2857142857142857,2023-24,
2020-21,0085,0.8775510204081632,0.86,2021-22,,0.8775510204081632,0.3673469387755102,0.375,2023-24,
2020-21,4722,0.75,0.75,2021-22,,0.75,0.39285714285714285,0.3793103448275862,2023-24,
2020-21,0041,0.4523809523809524,0.5757575757575758,2021-22,,0.4523809523809524,0.23809523809523808,0.2857142857142857,2023-24,
2020-21,1322,0.7956989247311828,0.9135802469135802,2021-22,,0.7956989247311828,0.5161290322580645,0.6233766233766234,2023-24,
2020-21,1441,0.8852459016393442,0.9310344827586207,2021-22,,0.8852459016393442,0.6885245901639344,0.711864406779661,2023-24,
2020-21,1601,0.7777777777777778,0.8484848484848485,2021-22,,0.7777777777777778,0.5277777777777778,0.5,2023-24,
2020-21,2961,0.88,0.7857142857142857,2021-22,,0.88,0.52,0.4482758620689655,2023-24,
2020-21,3241,0.7586206896551724,0.88,2021-22,,0.7586206896551724,0.5172413793103449,0.6818181818181818,2023-24,
2020-21,0120,0.6896551724137931,0.8695652173913043,2021-22,,0.6896551724137931,0.13793103448275862,0.2222222222222222,2023-24,
2020-21,0082,0.6274509803921569,0.7441860465116279,2021-22,,0.6274509803921569,0.3137254901960784,0.5,2023-24,
2020-21,0284,0.7346938775510204,0.9230769230769231,2021-22,,0.7346938775510204,0.40816326530612246,0.6451612903225806,2023-24,
2020-21,4841,0.7714285714285715,0.9,2021-22,,0.7714285714285715,0.5428571428571428,0.59375,2023-24,
2020-21,0561,0.7714285714285715,0.7941176470588235,2021-22,,0.7714285714285715,0.2571428571428571,0.2727272727272727,2023-24,
2020-21,0641,0.5833333333333334,0.56,2021-22,,0.5833333333333334,0.5,0.48,2023-24,
2020-21,0771,0.7619047619047619,0.6956521739130435,2021-22,,0.7619047619047619,0.47619047619047616,0.5263157894736842,2023-24,
2020-21,1541,0.76,0.890625,2021-22,,0.76,0.52,0.5735294117647058,2023-24,
2020-21,4921,0.7058823529411765,0.6666666666666666,2021-22,,0.7058823529411765,0.23529411764705882,0.32,2023-24,
2020-21,0191,0.7586206896551724,0.7333333333333333,2021-22,,0.7586206896551724,0.3103448275862069,0.3333333333333333,2023-24,
2020-21,1201,0.7045454545454546,0.7948717948717948,2021-22,,0.7045454545454546,0.4772727272727273,0.5526315789473685,2023-24,
2020-21,1080,0.7454545454545455,0.9111111111111111,2021-22,,0.7454545454545455,0.41818181818181815,0.5476190476190477,2023-24,
2020-21,1721,0.7272727272727273,0.7741935483870968,2021-22,,0.7272727272727273,0.6060606060606061,0.5555555555555556,2023-24,
2020-21,1871,0.8545454545454545,0.94,2021-22,,0.8545454545454545,0.4909090909090909,0.6136363636363636,2023-24,
2020-21,3620,0.7571428571428571,0.8833333333333333,2021-22,,0.7571428571428571,0.6,0.7368421052631579,2023-24,
2020-21,0161,0.9354838709677419,0.9666666666666667,2021-22,,0.9354838709677419,0.6451612903225806,0.7142857142857143,2023-24,
2020-21,1291,0.78301886792452835,0.8736842105263158,2021-22,,0.78301886792452835,0.5754716981132075,0.61,2023-24,
2020-21,2201,0.7272727272727273,0.8,2021-22,,0.7272727272727273,0.48484848484848486,0.5161290322580645,2023-24,
2020-21,3951,0.6363636363636364,0.6666666666666666,2021-22,,0.6363636363636364,0.4090909090909091,0.45,2023-24,
2020-21,4941,0.696969696969697,0.8518518518518519,2021-22,,0.696969696969697,0.36363636363636365,0.4,2023-24,
2020-21,0521,0.7872340425531915,0.925,2021-22,,0.7872340425531915,0.5319148936170213,0.6578947368421053,2023-24,
2020-21,4441,0.9130434782608695,0.8076923076923077,2021-22,,0.9130434782608695,0.5217391304347826,0.46153846153846156,2023-24,
2020-21,3802,0.8431372549019608,0.86,2021-22,,0.8431372549019608,0.5294117647058824,0.5869565217391305,2023-24,
2020-21,2042,0.7142857142857143,0.6944444444444444,2021-22,,0.7142857142857143,0.17142857142857143,0.16216216216216217,2023-24,
2020-21,0861,0.7555555555555555,0.8292682926829268,2021-22,,0.7555555555555555,0.6,0.6428571428571429,2023-24,
2020-21,0282,0.6,0.7058823529411765,2021-22,,,,,,2022-23
2020-21,4201,0.6808510638297872,0.7619047619047619,2021-22,,0.6808510638297872,0.3829787234042553,0.5294117647058824,2023-24,
2020-21,4212,0.6451612903225806,0.7692307692307693,2021-22,,0.6451612903225806,0.3870967741935484,0.48,2023-24,
2020-21,1776,0.6756756756756757,0.8064516129032258,2021-22,,0.6756756756756757,0.3783783783783784,0.45161290322580644,2023-24,
2020-21,1281,0.7619047619047619,0.6956521739130435,2021-22,,0.7619047619047619,0.38095238095238093,0.32,2023-24,
2020-21,0052,0.5121951219512195,0.6176470588235294,2021-22,,0.5121951219512195,0.14634146341463414,0.17647058823529413,2023-24,
2020-21,2431,0.8611111111111112,0.9117647058823529,2021-22,,0.8611111111111112,0.5555555555555556,0.6451612903225806,2023-24,
2020-21,2721,0.6444444444444445,0.6744186046511628,2021-22,,0.6444444444444445,0.4,0.4090909090909091,2023-24,
2020-21,3081,0.7727272727272727,0.7906976744186046,2021-22,,0.7727272727272727,0.6818181818181818,0.6666666666666666,2023-24,
2020-21,2362,0.56,0.7,2021-22,,0.56,0.12,0.14285714285714285,2023-24,
2020-21,3151,0.7692307692307693,0.8571428571428571,2021-22,,0.7692307692307693,0.6153846153846154,0.6666666666666666,2023-24,
2020-21,3201,0.36363636363636365,0.48,2021-22,,0.36363636363636365,0.3333333333333333,0.4782608695652174,2023-24,
2020-21,3961,0.5454545454545454,0.6666666666666666,2021-22,,0.5454545454545454,0.3939393939393939,0.6842105263157895,2023-24,
2020-21,1482,0.6551724137931034,0.7037037037037037,2021-22,,0.6551724137931034,0.1724137931034483,0.16666666666666666,2023-24,
2020-21,0106,0.7204301075268817,0.5929203539823009,2021-22,,0.7204301075268817,0.4838709677419355,0.3435114503816794,2023-24,
2020-21,4281,0.625,0.7352941176470589,2021-22,,0.625,0.325,0.41935483870967744,2023-24,
2020-21,0691,0.8108108108108109,0.8108108108108109,2021-22,,0.8108108108108109,0.6486486486486487,0.6666666666666666,2023-24,
2020-21,2261,0.7857142857142857,0.8148148148148148,2021-22,,0.7857142857142857,0.42857142857142855,0.42857142857142855,2023-24,
2020-21,0128,0.6341463414634146,0.7647058823529411,2021-22,,0.6341463414634146,0.2682926829268293,0.36666666666666664,2023-24,
2020-21,2801,0.68,0.918918918918919,2021-22,,0.68,0.36,0.5294117647058824,2023-24,
2020-21,2871,0.8823529411764706,0.9090909090909091,2021-22,,0.8823529411764706,0.2647058823529412,0.3,2023-24,
2020-21,3121,0.7592592592592593,0.7735849056603774,2021-22,,0.7592592592592593,0.6111111111111112,0.7021276595744681,2023-24,
2020-21,0069,0.8202247191011236,0.8902439024390244,2021-22,,0.8202247191011236,0.5280898876404494,0.6714285714285714,2023-24,
2020-21,1761,0.48148148148148145,0.65,2021-22,,0.48148148148148145,0.2962962962962963,0.36363636363636365,2023-24,
2020-21,4361,0.76,0.76,2021-22,,0.76,0.36,0.34615384615384615,2023-24,
2020-21,4561,0.6486486486486487,0.8,2021-22,,0.6486486486486487,0.3783783783783784,0.4827586206896552,2023-24,
2020-21,4961,0.65,0.7027027027027027,2021-22,,0.65,0.225,0.25,2023-24,
2020-21,0271,0.7567567567567568,0.7567567567567568,2021-22,,0.7567567567567568,0.7027027027027027,0.65,2023-24,
2020-21,0081,0.8235294117647058,0.875,2021-22,,0.8235294117647058,0.7352941176470589,0.7352941176470589,2023-24,
2020-21,0121,0.6363636363636364,0.8235294117647058,2021-22,,0.6363636363636364,0.45454545454545453,0.45454545454545453,2023-24,
2020-21,0086,0.8732394366197183,0.9841269841269841,2021-22,,0.8732394366197183,0.5774647887323944,0.7192982456140351,2023-24,
2020-21,0009,0.717391304347826,0.8048780487804879,2021-22,,0.717391304347826,0.2608695652173913,0.2553191489361702,2023-24,
2020-21,0201,0.8076923076923077,0.9333333333333333,2021-22,,0.8076923076923077,0.5384615384615384,0.717948717948718,2023-24,
2020-21,0261,0.6428571428571429,0.8571428571428571,2021-22,,0.6428571428571429,0.6428571428571429,0.6666666666666666,2023-24,
2020-21,0311,0.7619047619047619,0.7804878048780488,2021-22,,0.7619047619047619,0.6666666666666666,0.5957446808510638,2023-24,
2020-21,0401,0.7391304347826086,0.8292682926829268,2021-22,,0.7391304347826086,0.41304347826086957,0.48717948717948717,2023-24,
2020-21,0441,0.8,0.9523809523809523,2021-22,,0.8,0.28,0.4375,2023-24,
2020-21,0631,0.631578947368421,0.8,2021-22,,0.631578947368421,0.2631578947368421,0.47619047619047616,2023-24,
2020-21,0651,0.625,0.7547169811320755,2021-22,,0.625,0.375,0.5106382978723404,2023-24,
2020-21,0701,0.8333333333333334,0.9459459459459459,2021-22,,0.8333333333333334,0.6428571428571429,0.6428571428571429,2023-24,
2020-21,0772,0.8679245283018868,0.8518518518518519,2021-22,,0.8679245283018868,0.660377358490566,0.6862745098039216,2023-24,
2020-21,0801,0.8888888888888888,0.8888888888888888,2021-22,,0.8888888888888888,0.7222222222222222,0.8387096774193549,2023-24,
2020-21,0841,0.6571428571428571,0.8846153846153846,2021-22,,0.6571428571428571,0.2571428571428571,0.391304347826087,2023-24,
2020-21,0851,0.8,0.8695652173913043,2021-22,,0.8,0.48,0.5714285714285714,2023-24,
2020-21,0065,0.8723404255319149,0.7592592592592593,2021-22,,0.8723404255319149,0.7446808510638298,0.4268292682926829,2023-24,
2020-21,0931,0.8205128205128205,0.9142857142857143,2021-22,,0.8205128205128205,0.5641025641025641,0.6666666666666666,2023-24,
2020-21,0054,0.7083333333333334,0.8947368421052632,2021-22,,0.7083333333333334,0.3958333333333333,0.5277777777777778,2023-24,
2020-21,1021,0.7647058823529411,0.8478260869565217,2021-22,,0.7647058823529411,0.45098039215686275,0.5348837209302325,2023-24,
2020-21,1051,0.875,0.84,2021-22,,0.875,0.5208333333333334,0.5681818181818182,2023-24,
2020-21,0056,0.65,0.7027027027027027,2021-22,,0.65,0.375,0.42857142857142855,2023-24,
2020-21,0100,0.8867924528301887,0.9215686274509803,2021-22,,0.8867924528301887,0.6981132075471698,0.6607142857142857,2023-24,
2020-21,1081,0.6666666666666666,0.631578947368421,2021-22,,0.6666666666666666,0.3888888888888889,0.3684210526315789,2023-24,
2020-21,1101,0.717948717948718,0.8,2021-22,,0.717948717948718,0.28205128205128205,0.39285714285714285,2023-24,
2020-21,0072,0.7906976744186046,0.8717948717948718,2021-22,,0.7906976744186046,0.37209302325581395,0.48484848484848486,2023-24,
2020-21,0842,0.631578947368421,0.75,2021-22,,0.631578947368421,0.21052631578947367,0.2857142857142857,2023-24,
2020-21,1361,0.6296296296296297,0.68,2021-22,,0.6296296296296297,0.25925925925925924,0.2916666666666667,2023-24,
2020-21,1401,0.6774193548387096,0.8076923076923077,2021-22,,0.6774193548387096,0.41935483870967744,0.48148148148148145,2023-24,
2020-21,3001,0.59375,0.8636363636363636,2021-22,,0.59375,0.375,0.5454545454545454,2023-24,
2020-21,0042,0.6521739130434783,0.7692307692307693,2021-22,,0.6521739130434783,0.41304347826086957,0.4418604651162791,2023-24,
2020-21,1481,0.6,0.6206896551724138,2021-22,,0.6,0.26666666666666666,0.2857142857142857,2023-24,
2020-21,1542,0.5625,0.9473684210526315,2021-22,,0.5625,0.28125,0.5625,2023-24,
2020-21,1681,0.6756756756756757,0.7575757575757576,2021-22,,0.6756756756756757,0.6216216216216216,0.696969696969697,2023-24,
2020-21,1941,0.813953488372093,0.813953488372093,2021-22,,0.813953488372093,0.5813953488372093,0.6756756756756757,2023-24,
2020-21,2041,0.5757575757575758,0.6551724137931034,2021-22,,0.5757575757575758,0.30303030303030304,0.45454545454545453,2023-24,
2020-21,2321,0.7916666666666666,0.8444444444444444,2021-22,,0.7916666666666666,0.5833333333333334,0.6511627906976745,2023-24,
2020-21,2361,0.84,0.9130434782608695,2021-22,,0.84,0.52,0.52,2023-24,
2020-21,0073,0.7090909090909091,0.9176470588235294,2021-22,,0.7090909090909091,0.43636363636363634,0.5783132530120482,2023-24,
2020-21,2441,0.7058823529411765,0.7741935483870968,2021-22,,0.7058823529411765,0.47058823529411764,0.5,2023-24,
2020-21,2461,0.8181818181818182,0.8709677419354839,2021-22,,0.8181818181818182,0.5454545454545454,0.6,2023-24,
2020-21,0962,0.7857142857142857,0.8148148148148148,2021-22,,0.7857142857142857,0.42857142857142855,0.5,2023-24,
2020-21,2521,0.5925925925925926,0.7619047619047619,2021-22,,0.5925925925925926,0.4444444444444444,0.5714285714285714,2023-24,
2020-21,2531,0.7857142857142857,0.7857142857142857,2021-22,,0.7857142857142857,0.21428571428571427,0.1935483870967742,2023-24,
2020-21,2551,0.8148148148148148,0.9777777777777777,2021-22,,0.8148148148148148,0.5740740740740741,0.775,2023-24,
2020-21,2561,0.75,0.9428571428571428,2021-22,,0.75,0.5681818181818182,0.6944444444444444,2023-24,
2020-21,2601,0.8823529411764706,0.8490566037735849,2021-22,,0.8823529411764706,0.7450980392156863,0.6909090909090909,2023-24,
2020-21,0060,0.8636363636363636,0.7916666666666666,2021-22,,0.8636363636363636,0.7272727272727273,0.5925925925925926,2023-24,
2020-21,2882,0.7837837837837838,0.9354838709677419,2021-22,,0.7837837837837838,0.6216216216216216,0.6764705882352942,2023-24,
2020-21,3041,0.8163265306122449,0.8,2021-22,,0.8163265306122449,0.3673469387755102,0.43902439024390244,2023-24,
2020-21,3061,0.7619047619047619,0.6666666666666666,2021-22,,0.7619047619047619,0.47619047619047616,0.46511627906976744,2023-24,
2020-21,3181,0.6060606060606061,0.7407407407407407,2021-22,,0.6060606060606061,0.45454545454545453,0.4411764705882353,2023-24,
2020-21,3141,0.6190476190476191,0.8387096774193549,2021-22,,0.6190476190476191,0.35714285714285715,0.4838709677419355,2023-24,
2020-21,3161,0.8260869565217391,0.9047619047619048,2021-22,,0.8260869565217391,0.5,0.5897435897435898,2023-24,
2020-21,3281,0.5142857142857142,0.6428571428571429,2021-22,,0.5142857142857142,0.17142857142857143,0.23076923076923078,2023-24,
2020-21,3362,0.8333333333333334,0.9090909090909091,2021-22,,0.8333333333333334,0.6944444444444444,0.8064516129032258,2023-24,
2020-21,3431,0.7428571428571429,0.8571428571428571,2021-22,,0.7428571428571429,0.6095238095238096,0.6597938144329897,2023-24,
2020-21,3521,0.7714285714285715,0.9,2021-22,,0.7714285714285715,0.5428571428571428,0.7037037037037037,2023-24,
2020-21,3441,0.8636363636363636,0.7450980392156863,2021-22,,0.8636363636363636,0.75,0.6470588235294118,2023-24,
2020-21,3561,0.7291666666666666,0.875,2021-22,,0.7291666666666666,0.4583333333333333,0.6285714285714286,2023-24,
2020-21,3622,0.8823529411764706,0.8108108108108109,2021-22,,0.8823529411764706,0.6470588235294118,0.6470588235294118,2023-24,
2020-21,3681,0.7272727272727273,0.8205128205128205,2021-22,,0.7272727272727273,0.36363636363636365,0.47058823529411764,2023-24,
2020-21,3731,0.7111111111111111,0.7441860465116279,2021-22,,0.7111111111111111,0.4666666666666667,0.5675675675675675,2023-24,
2020-21,3761,0.6976744186046512,0.75,2021-22,,0.6976744186046512,0.23255813953488372,0.3333333333333333,2023-24,
2020-21,3801,0.7692307692307693,0.8333333333333334,2021-22,,0.7692307692307693,0.5769230769230769,0.6818181818181818,2023-24,
2020-21,3841,0.6938775510204082,0.7555555555555555,2021-22,,0.6938775510204082,0.30612244897959184,0.4166666666666667,2023-24,
2020-21,3861,0.84375,0.9,2021-22,,0.84375,0.71875,0.6571428571428571,2023-24,
2020-21,3881,0.5925925925925926,0.6956521739130435,2021-22,,0.5925925925925926,0.3333333333333333,0.45,2023-24,
2020-21,3922,0.8653846153846154,0.8333333333333334,2021-22,,0.8653846153846154,0.6730769230769231,0.7446808510638298,2023-24,
2020-21,0051,0.72,0.8571428571428571,2021-22,,0.72,0.6,0.625,2023-24,
2020-21,4151,0.8181818181818182,0.9204545454545454,2021-22,,0.8181818181818182,0.6262626262626263,0.7209302325581395,2023-24,
2020-21,0123,0.7,0.875,2021-22,,0.7,0.4,0.5,2023-24,
2020-21,0084,0.8571428571428571,0.8571428571428571,2021-22,,0.8571428571428571,0.5306122448979592,0.5098039215686274,2023-24,
2020-21,4211,0.8,0.9411764705882353,2021-22,,0.8,0.575,0.5348837209302325,2023-24,
2020-21,2401,0.5714285714285714,0.631578947368421,2021-22,,0.5714285714285714,0.42857142857142855,0.6,2023-24,
2020-21,4381,0.7368421052631579,0.8484848484848485,2021-22,,0.7368421052631579,0.5,0.5588235294117647,2023-24,
2020-21,4481,0.7941176470588235,0.9,2021-22,,0.7941176470588235,0.5588235294117647,0.7307692307692307,2023-24,
2020-21,4581,0.8478260869565217,0.9285714285714286,2021-22,,0.8478260869565217,0.6304347826086957,0.6904761904761905,2023-24,
2020-21,4591,0.8113207547169812,0.8431372549019608,2021-22,,0.8113207547169812,0.660377358490566,0.660377358490566,2023-24,
2020-21,4601,0.7096774193548387,0.9565217391304348,2021-22,,0.7096774193548387,0.3548387096774194,0.5,2023-24,
2020-21,4681,0.6666666666666666,0.64,2021-22,,0.6666666666666666,0.16666666666666666,0.2,2023-24,
2020-21,4731,0.7864077669902912,0.9418604651162791,2021-22,,0.7864077669902912,0.49514563106796117,0.5795454545454546,2023-24,
2020-21,4741,0.6808510638297872,0.8421052631578947,2021-22,,0.6808510638297872,0.46808510638297873,0.6111111111111112,2023-24,
2020-21,4801,0.6956521739130435,0.7272727272727273,2021-22,,0.6956521739130435,0.43478260869565216,0.5263157894736842,2023-24,
2020-21,4761,0.6578947368421053,0.8064516129032258,2021-22,,0.6578947368421053,0.5789473684210527,0.6875,2023-24,
2020-21,5041,0.6,0.7777777777777778,2021-22,,0.6,0.34285714285714286,0.5217391304347826,2023-24,
2020-21,2291,0.7380952380952381,0.8857142857142857,2021-22,,0.7380952380952381,0.6428571428571429,0.7297297297297297,2023-24,
2020-21,0527,0.8909090909090909,0.9074074074074074,2021-22,,0.8909090909090909,0.7272727272727273,0.851063829787234,2023-24,
2020-21,0074,0.6904761904761905,0.8055555555555556,2021-22,,0.6904761904761905,0.4523809523809524,0.6785714285714286,2023-24,
2020-21,1431,0.8125,0.7878787878787878,2021-22,,0.8125,0.5625,0.5,2023-24,
2020-21,3641,0.75,0.8181818181818182,2021-22,,0.75,0.4722222222222222,0.5151515151515151,2023-24,
2020-21,0110,0.72,0.7659574468085106,2021-22,,0.72,0.46,0.5,2023-24,
2020-21,3101,0.7931034482758621,0.8214285714285714,2021-22,,0.7931034482758621,0.5172413793103449,0.4838709677419355,2023-24,
2020-21,0802,0.9347826086956522,0.9148936170212766,2021-22,,0.9347826086956522,0.5652173913043478,0.5531914893617021,2023-24,
2020-21,0361,0.9183673469387755,0.9183673469387755,2021-22,,0.9183673469387755,0.7959183673469388,0.7647058823529411,2023-24,
2020-21,0141,0.8918918918918919,0.868421052631579,2021-22,,0.8918918918918919,0.6216216216216216,0.6571428571428571,2023-24,
2020-21,1471,0.8461538461538461,0.8148148148148148,2021-22,,0.8461538461538461,0.38461538461538464,0.3225806451612903,2023-24,
2020-21,3851,0.8823529411764706,0.9090909090909091,2021-22,,0.8823529411764706,0.47058823529411764,0.5925925925925926,2023-24,
2020-21,0059,0.8392857142857143,0.9215686274509803,2021-22,,0.8392857142857143,0.6964285714285714,0.7647058823529411,2023-24,
2020-21,0092,0.7708333333333334,0.9024390243902439,2021-22,,0.7708333333333334,0.4583333333333333,0.5,2023-24,
2020-21,0005,0.75,0.75,2021-22,,0.75,0.35,0.3181818181818182,2023-24,
2020-21,0761,0.6825396825396826,0.7818181818181819,2021-22,,0.6825396825396826,0.25396825396825395,0.35555555555555557,2023-24,
2020-21,4241,0.8529411764705882,0.90625,2021-22,,0.8529411764705882,0.5588235294117647,0.6551724137931034,2023-24,
2020-21,0571,0.8571428571428571,0.9,2021-22,,0.8571428571428571,0.5238095238095238,0.5945945945945946,2023-24,
2020-21,2451,0.8837209302325582,0.95,2021-22,,0.8837209302325582,0.5116279069767442,0.7586206896551724,2023-24,
2020-21,3921,0.8260869565217391,0.7916666666666666,2021-22,,0.8260869565217391,0.43478260869565216,0.5263157894736842,2023-24,
2020-21,4161,0.7659574468085106,0.8571428571428571,2021-22,,0.7659574468085106,0.5531914893617021,0.5909090909090909,2023-24,
2020-21,4261,0.8490566037735849,0.9375,2021-22,,0.8490566037735849,0.6037735849056604,0.6274509803921569,2023-24,
2020-21,0881,0.64,0.8,2021-22,,0.64,0.56,0.6666666666666666,2023-24,
2020-21,1831,0.72,0.6923076923076923,2021-22,,0.72,0.52,0.48148148148148145,2023-24,
2021-22,3201,0.68,0.7083333333333334,2022-23,,,,,,
2021-22,0322,0.5588235294117647,0.5757575757575758,2022-23,,,,,,
2021-22,1881,0.6825396825396826,0.7288135593220338,2022-23,,,,,,
2021-22,0055,0.6,0.6081081081081081,2022-23,,,,,,
2021-22,4681,0.52,0.52,2022-23,,,,,,
2021-22,2461,0.8064516129032258,0.78125,2022-23,,,,,,
2021-22,4731,0.7906976744186046,0.8292682926829268,2022-23,,,,,,
2021-22,2441,0.6774193548387096,0.7,2022-23,,,,,,
2021-22,2601,0.8301886792452831,0.8301886792452831,2022-23,,,,,,
2021-22,1441,0.8793103448275862,0.8947368421052632,2022-23,,,,,,
2021-22,2841,0.6595744680851063,0.7045454545454546,2022-23,,,,,,
2021-22,1941,0.6976744186046512,0.8108108108108109,2022-23,,,,,,
2021-22,0042,0.6923076923076923,0.675,2022-23,,,,,,
2021-22,4581,0.7857142857142857,0.7857142857142857,2022-23,,,,,,
2021-22,0651,0.6226415094339622,0.75,2022-23,,,,,,
2021-22,1471,0.5185185185185185,0.5,2022-23,,,,,,
2021-22,3921,0.625,0.7142857142857143,2022-23,,,,,,
2021-22,1951,0.5,0.5,2022-23,,,,,,
2021-22,3431,0.8901098901098901,0.9,2022-23,,,,,,
2021-22,0641,0.84,0.84,2022-23,,,,,,
2021-22,3371,0.7553191489361702,0.7553191489361702,2022-23,,,,,,
2021-22,0081,0.8125,0.8125,2022-23,,,,,,
2021-22,4761,0.8387096774193549,0.8666666666666667,2022-23,,,,,,
2021-22,0281,0.7407407407407407,0.7407407407407407,2022-23,,,,,,
2021-22,2241,0.6346153846153846,0.717391304347826,2022-23,,,,,,
2021-22,4201,0.7142857142857143,0.8108108108108109,2022-23,,,,,,
2021-22,3681,0.7692307692307693,0.8571428571428571,2022-23,,,,,,
2021-22,3761,0.4,0.5714285714285714,2022-23,,,,,,
2021-22,0851,0.8260869565217391,0.8260869565217391,2022-23,,,,,,
2021-22,0282,0.29411764705882354,0.45454545454545453,2022-23,,,,,,
2021-22,2551,0.8444444444444444,0.926829268292683,2022-23,,,,,,
2021-22,3041,0.56,0.6666666666666666,2022-23,,,,,,
2021-22,3281,0.42857142857142855,0.46153846153846156,2022-23,,,,,,
2021-22,2201,0.7,0.6774193548387096,2022-23,,,,,,
2021-22,2401,0.5263157894736842,0.5263157894736842,2022-23,,,,,,
2021-22,3771,0.4666666666666667,0.4883720930232558,2022-23,,,,,,
2021-22,1482,0.4074074074074074,0.3793103448275862,2022-23,,,,,,
2021-22,3731,0.6976744186046512,0.7142857142857143,2022-23,,,,,,
2021-22,4801,0.5454545454545454,0.7058823529411765,2022-23,,,,,,
2021-22,0085,0.48,0.47058823529411764,2022-23,,,,,,
2021-22,2471,0.71698113207547165,0.76,2022-23,,,,,,
2021-22,4151,0.8636363636363636,0.8837209302325582,2022-23,,,,,,
2021-22,3411,0.9032258064516129,0.8936170212765957,2022-23,,,,,,
2021-22,1281,0.6521739130434783,0.6521739130434783,2022-23,,,,,,
2021-22,3802,0.68,0.723404255319149,2022-23,,,,,,
2021-22,1781,0.55,0.5789473684210527,2022-23,,,,,,
2021-22,0631,0.6,0.6666666666666666,2022-23,,,,,,
2021-22,0128,0.47058823529411764,0.7272727272727273,2022-23,,,,,,
2021-22,4381,0.6363636363636364,0.6363636363636364,2022-23,,,,,,
2021-22,0125,0.5813953488372093,0.6097560975609756,2022-23,,,,,,
2021-22,2421,0.7083333333333334,0.7391304347826086,2022-23,,,,,,
2021-22,0106,0.6902654867256637,0.6141732283464567,2022-23,,,,,,
2021-22,0861,0.8048780487804879,0.825,2022-23,,,,,,
2021-22,4481,0.7666666666666667,0.9583333333333334,2022-23,,,,,,
2021-22,3101,0.6071428571428571,0.6296296296296297,2022-23,,,,,,
2021-22,2431,0.7058823529411765,0.75,2022-23,,,,,,
2021-22,4921,0.5277777777777778,0.7037037037037037,2022-23,,,,,,
2021-22,4651,0.7142857142857143,0.7291666666666666,2022-23,,,,,,
2021-22,0110,0.7659574468085106,0.7659574468085106,2022-23,,,,,,
2021-22,4442,0.6388888888888888,0.6764705882352942,2022-23,,,,,,
2021-22,0151,0.7578947368421053,0.8,2022-23,,,,,,
2021-22,4522,0.6976744186046512,0.7894736842105263,2022-23,,,,,,
2021-22,3841,0.5555555555555556,0.6756756756756757,2022-23,,,,,,
2021-22,2721,0.6744186046511628,0.6904761904761905,2022-23,,,,,,
2021-22,0084,0.7142857142857143,0.7446808510638298,2022-23,,,,,,
2021-22,3641,0.8181818181818182,0.8709677419354839,2022-23,,,,,,
2021-22,0043,0.7636363636363637,0.6885245901639344,2022-23,,,,,,
2021-22,2561,0.8,0.8235294117647058,2022-23,,,,,,
2021-22,0069,0.6951219512195121,0.75,2022-23,,,,,,
2021-22,3801,0.7916666666666666,0.8837209302325582,2022-23,,,,,,
2021-22,3381,0.5166666666666667,0.6078431372549019,2022-23,,,,,,
2021-22,0074,0.7777777777777778,0.9333333333333333,2022-23,,,,,,
2021-22,4281,0.6176470588235294,0.8076923076923077,2022-23,,,,,,
2021-22,4961,0.6216216216216216,0.6052631578947368,2022-23,,,,,,
2021-22,0691,0.7837837837837838,0.8285714285714286,2022-23,,,,,,
2021-22,1431,0.7272727272727273,0.6666666666666666,2022-23,,,,,,
2021-22,0311,0.8292682926829268,0.7727272727272727,2022-23,,,,,,
2021-22,0921,0.723404255319149,0.7555555555555555,2022-23,,,,,,
2021-22,0070,0.6571428571428571,0.696969696969697,2022-23,,,,,,
2021-22,0401,0.7073170731707317,0.7631578947368421,2022-23,,,,,,
2021-22,2042,0.6666666666666666,0.6857142857142857,2022-23,,,,,,
2021-22,1291,0.8421052631578947,0.8247422680412371,2022-23,,,,,,
2021-22,1324,0.33962264150943394,0.391304347826087,2022-23,,,,,,
2021-22,3622,0.7027027027027027,0.7647058823529411,2022-23,,,,,,
2021-22,0056,0.6486486486486487,0.7272727272727273,2022-23,,,,,,
2021-22,4161,0.8333333333333334,0.813953488372093,2022-23,,,,,,
2021-22,0041,0.5151515151515151,0.6071428571428571,2022-23,,,,,,
2021-22,0073,0.7294117647058823,0.8611111111111112,2022-23,,,,,,
2021-22,4747,0.3870967741935484,0.5454545454545454,2022-23,,,,,,
2021-22,0089,0.8817204301075269,0.9010989010989011,2022-23,,,,,,
2021-22,0291,0.6956521739130435,0.7619047619047619,2022-23,,,,,,
2021-22,0191,0.6666666666666666,0.6896551724137931,2022-23,,,,,,
2021-22,1681,0.8181818181818182,0.8181818181818182,2022-23,,,,,,
2021-22,0521,0.775,0.7560975609756098,2022-23,,,,,,
2021-22,4441,0.5769230769230769,0.6,2022-23,,,,,,
2021-22,4841,0.7666666666666667,0.71875,2022-23,,,,,,
2021-22,0009,0.4878048780487805,0.40816326530612246,2022-23,,,,,,
2021-22,2961,0.7857142857142857,0.8148148148148148,2022-23,,,,,,
2021-22,1001,0.75,0.7142857142857143,2022-23,,,,,,
2021-22,3171,0.7477477477477478,0.7155172413793104,2022-23,,,,,,
2021-22,3961,0.6296296296296297,0.7391304347826086,2022-23,,,,,,
2021-22,0682,0.46153846153846156,0.5581395348837209,2022-23,,,,,,
2021-22,0060,0.8333333333333334,0.7407407407407407,2022-23,,,,,,
2021-22,3922,0.7962962962962963,0.86,2022-23,,,,,,
2021-22,2321,0.8222222222222222,0.8043478260869565,2022-23,,,,,,
2021-22,3141,0.7096774193548387,0.7096774193548387,2022-23,,,,,,
2021-22,0052,0.47058823529411764,0.5,2022-23,,,,,,
2021-22,2451,0.775,0.8857142857142857,2022-23,,,,,,
2021-22,1481,0.5862068965517241,0.68,2022-23,,,,,,
2021-22,1721,0.7741935483870968,0.6857142857142857,2022-23,,,,,,
2021-22,1201,0.6153846153846154,0.6153846153846154,2022-23,,,,,,
2021-22,0842,0.625,0.5882352941176471,2022-23,,,,,,
2021-22,3881,0.7391304347826086,0.8947368421052632,2022-23,,,,,,
2021-22,4561,0.8333333333333334,0.8333333333333334,2022-23,,,,,,
2021-22,0131,0.6630434782608695,0.782051282051282,2022-23,,,,,,
2021-22,2041,0.6551724137931034,0.6333333333333333,2022-23,,,,,,
2021-22,4221,0.8541666666666666,0.8367346938775511,2022-23,,,,,,
2021-22,1361,0.6,0.625,2022-23,,,,,,
2021-22,3061,0.5625,0.75,2022-23,,,,,,
2021-22,0059,0.8235294117647058,0.84,2022-23,,,,,,
2021-22,3001,0.7727272727272727,0.7727272727272727,2022-23,,,,,,
2021-22,4591,0.7647058823529411,0.78,2022-23,,,,,,
2021-22,0761,0.5454545454545454,0.6382978723404256,2022-23,,,,,,
2021-22,3441,0.8823529411764706,0.9183673469387755,2022-23,,,,,,
2021-22,2651,0.6666666666666666,0.8181818181818182,2022-23,,,,,,
2021-22,1101,0.6,0.6774193548387096,2022-23,,,,,,
2021-22,0962,0.7777777777777778,0.8076923076923077,2022-23,,,,,,
2021-22,1551,0.7926829268292683,0.7926829268292683,2022-23,,,,,,
2021-22,1051,0.64,0.7272727272727273,2022-23,,,,,,
2021-22,0005,0.625,0.5952380952380952,2022-23,,,,,,
2021-22,2801,0.5945945945945946,0.7096774193548387,2022-23,,,,,,
2021-22,0051,0.6190476190476191,0.6190476190476191,2022-23,,,,,,
2021-22,0931,0.8,0.8235294117647058,2022-23,,,,,,
2021-22,1322,0.8024691358024691,0.8552631578947368,2022-23,,,,,,
2021-22,2291,0.8857142857142857,0.8611111111111112,2022-23,,,,,,
2021-22,3442,0.7014925373134329,0.7704918032786885,2022-23,,,,,,
2021-22,1401,0.6538461538461539,0.7083333333333334,2022-23,,,,,,
2021-22,1541,0.734375,0.746031746031746,2022-23,,,,,,
2021-22,0121,0.7058823529411765,0.6666666666666666,2022-23,,,,,,
2021-22,1601,0.8181818181818182,0.75,2022-23,,,,,,
2021-22,0065,0.8518518518518519,0.8518518518518519,2022-23,,,,,,
2021-22,3561,0.675,0.84375,2022-23,,,,,,
2021-22,4141,0.7386363636363636,0.7738095238095238,2022-23,,,,,,
2021-22,0841,0.46153846153846156,0.5217391304347826,2022-23,,,,,,
2021-22,0082,0.627906976744186,0.7941176470588235,2022-23,,,,,,
2021-22,0093,0.7536231884057971,0.7647058823529411,2022-23,,,,,,
2021-22,0772,0.7777777777777778,0.84,2022-23,,,,,,
2021-22,3151,0.7142857142857143,0.7352941176470589,2022-23,,,,,,
2021-22,1831,0.9230769230769231,0.8888888888888888,2022-23,,,,,,
2021-22,0881,1,0.9523809523809523,2022-23,,,,,,
2021-22,1761,0.75,0.7142857142857143,2022-23,,,,,,
2021-22,3121,0.8301886792452831,0.88,2022-23,,,,,,
2021-22,1871,0.7,0.7446808510638298,2022-23,,,,,,
2021-22,1776,0.7096774193548387,0.7333333333333333,2022-23,,,,,,
2021-22,1021,0.8043478260869565,0.8409090909090909,2022-23,,,,,,
2021-22,3620,0.85,0.8947368421052632,2022-23,,,,,,
2021-22,0054,0.5789473684210527,0.6285714285714286,2022-23,,,,,,
2021-22,3861,0.9,0.7941176470588235,2022-23,,,,,,
2021-22,0141,0.7631578947368421,0.8529411764705882,2022-23,,,,,,
2021-22,3521,0.7,0.8076923076923077,2022-23,,,,,,
2021-22,1081,0.6842105263157895,0.6842105263157895,2022-23,,,,,,
2021-22,3181,0.8148148148148148,0.7096774193548387,2022-23,,,,,,
2021-22,4611,0.9148936170212766,0.8958333333333334,2022-23,,,,,,
2021-22,0201,0.8222222222222222,0.925,2022-23,,,,,,
2021-22,3004,0.7380952380952381,0.7209302325581395,2022-23,,,,,,
2021-22,0527,0.7962962962962963,0.8775510204081632,2022-23,,,,,,
2021-22,2362,0.3,0.2727272727272727,2022-23,,,,,,
2021-22,0284,0.6410256410256411,0.8333333333333334,2022-23,,,,,,
2021-22,0771,0.6086956521739131,0.6666666666666666,2022-23,,,,,,
2021-22,3082,0.8620689655172413,0.8771929824561403,2022-23,,,,,,
2021-22,0120,0.21739130434782608,0.3333333333333333,2022-23,,,,,,
2021-22,0161,0.7333333333333333,0.7857142857142857,2022-23,,,,,,
2021-22,4212,0.6923076923076923,0.6923076923076923,2022-23,,,,,,
2021-22,2871,0.3939393939393939,0.43333333333333335,2022-23,,,,,,
2021-22,0100,0.8823529411764706,0.8823529411764706,2022-23,,,,,,
2021-22,2771,0.8809523809523809,0.8809523809523809,2022-23,,,,,,
2021-22,3784,0.6153846153846154,0.7272727272727273,2022-23,,,,,,
2021-22,0271,0.7837837837837838,0.7631578947368421,2022-23,,,,,,
2021-22,4241,0.8125,0.8666666666666667,2022-23,,,,,,
2021-22,1542,0.631578947368421,0.7058823529411765,2022-23,,,,,,
2021-22,3081,0.6976744186046512,0.7692307692307693,2022-23,,,,,,
2021-22,3161,0.7619047619047619,0.7111111111111111,2022-23,,,,,,
2021-22,2851,0.84,0.875,2022-23,,,,,,
2021-22,4361,0.6,0.6,2022-23,,,,,,
2021-22,1080,0.6666666666666666,0.7142857142857143,2022-23,,,,,,
2021-22,5041,0.7037037037037037,0.76,2022-23,,,,,,
2021-22,3131,0.6538461538461539,0.7083333333333334,2022-23,,,,,,
2021-22,4211,0.8529411764705882,0.725,2022-23,,,,,,
2021-22,2521,0.8095238095238095,0.7727272727272727,2022-23,,,,,,
2021-22,0561,0.5882352941176471,0.6666666666666666,2022-23,,,,,,
2021-22,2531,0.42857142857142855,0.48,2022-23,,,,,,
2021-22,3241,0.6,0.6,2022-23,,,,,,
2021-22,2361,0.6086956521739131,0.6666666666666666,2022-23,,,,,,
2021-22,4601,0.5652173913043478,0.5416666666666666,2022-23,,,,,,
2021-22,4722,0.5714285714285714,0.5925925925925926,2022-23,,,,,,
2021-22,0072,0.46153846153846156,0.5625,2022-23,,,,,,
2021-22,2261,0.5925925925925926,0.6666666666666666,2022-23,,,,,,
2021-22,3951,0.5714285714285714,0.6486486486486487,2022-23,,,,,,
2021-22,0701,0.8108108108108109,0.8823529411764706,2022-23,,,,,,
2021-22,0086,0.7777777777777778,0.8166666666666667,2022-23,,,,,,
2021-22,4261,0.7083333333333334,0.7391304347826086,2022-23,,,,,,
2021-22,0261,0.8571428571428571,0.6666666666666666,2022-23,,,,,,
2021-22,4741,0.7368421052631579,0.717948717948718,2022-23,,,,,,
2021-22,0571,0.6,0.5714285714285714,2022-23,,,,,,
2021-22,4941,0.8148148148148148,0.7333333333333333,2022-23,,,,,,
2021-22,0802,0.7021276595744681,0.7021276595744681,2022-23,,,,,,
2021-22,0102,0.813953488372093,0.875,2022-23,,,,,,
2021-22,0361,0.8571428571428571,0.84,2022-23,,,,,,
2021-22,3851,0.5757575757575758,0.7037037037037037,2022-23,,,,,,
2021-22,3362,0.7575757575757576,0.8333333333333334,2022-23,,,,,,
2021-22,0441,0.6190476190476191,0.65,2022-23,,,,,,
2021-22,0092,0.7804878048780488,0.7619047619047619,2022-23,,,,,,
2021-22,2882,0.8387096774193549,0.7428571428571429,2022-23,,,,,,
2021-22,0801,0.9166666666666666,0.9705882352941176,2022-23,,,,,,
2021-22,0123,0.875,0.875,2022-23,,,,,,
2022-23,0041,0.5357142857142857,0.42857142857142855,2023-24,,,,,,
2022-23,2841,0.8181818181818182,0.782608695652174,2023-24,,,,,,
2022-23,1324,0.5217391304347826,0.5217391304347826,2023-24,,,,,,
2022-23,0120,0.5333333333333333,0.4444444444444444,2023-24,,,,,,
2022-23,3004,0.6976744186046512,0.7317073170731707,2023-24,,,,,,
2022-23,0084,0.7446808510638298,0.6862745098039216,2023-24,,,,,,
2022-23,4522,0.7368421052631579,0.6666666666666666,2023-24,,,,,,
2022-23,4961,0.5526315789473685,0.5833333333333334,2023-24,,,,,,
2022-23,1776,0.8,0.7741935483870968,2023-24,,,,,,
2022-23,0841,0.6521739130434783,0.6521739130434783,2023-24,,,,,,
2022-23,1951,0.5,0.7777777777777778,2023-24,,,,,,
2022-23,2421,0.8985507246376812,0.8157894736842105,2023-24,,,,,,
2022-23,3521,0.9230769230769231,0.8888888888888888,2023-24,,,,,,
2022-23,2041,0.5666666666666667,0.7727272727272727,2023-24,,,,,,
2022-23,1482,0.5517241379310345,0.5333333333333333,2023-24,,,,,,
2022-23,4221,0.8571428571428571,0.7368421052631579,2023-24,,,,,,
2022-23,2441,0.8666666666666667,0.8125,2023-24,,,,,,
2022-23,2771,0.8095238095238095,0.8292682926829268,2023-24,,,,,,
2022-23,0322,0.3939393939393939,0.34210526315789475,2023-24,,,,,,
2022-23,3141,0.7096774193548387,0.7096774193548387,2023-24,,,,,,
2022-23,1051,0.7045454545454546,0.7045454545454546,2023-24,,,,,,
2022-23,0281,0.6666666666666666,0.6666666666666666,2023-24,,,,,,
2022-23,4921,0.48148148148148145,0.52,2023-24,,,,,,
2022-23,2042,0.5142857142857142,0.4864864864864865,2023-24,,,,,,
2022-23,2471,0.66,0.7674418604651163,2023-24,,,,,,
2022-23,0055,0.6351351351351351,0.6714285714285714,2023-24,,,,,,
2022-23,4651,0.8125,0.75,2023-24,,,,,,
2022-23,3922,0.82,0.8723404255319149,2023-24,,,,,,
2022-23,4211,0.75,0.6976744186046512,2023-24,,,,,,
2022-23,2241,0.5,0.5348837209302325,2023-24,,,,,,
2022-23,3381,0.803921568627451,0.7592592592592593,2023-24,,,,,,
2022-23,0128,0.6363636363636364,0.4666666666666667,2023-24,,,,,,
2022-23,1101,0.5806451612903226,0.6428571428571429,2023-24,,,,,,
2022-23,4442,0.8235294117647058,0.8484848484848485,2023-24,,,,,,
2022-23,2651,0.7272727272727273,0.7272727272727273,2023-24,,,,,,
2022-23,1080,0.7619047619047619,0.7619047619047619,2023-24,,,,,,
2022-23,3151,0.9705882352941176,0.9166666666666666,2023-24,,,,,,
2022-23,4201,0.6756756756756757,0.7352941176470589,2023-24,,,,,,
2022-23,5041,0.72,0.782608695652174,2023-24,,,,,,
2022-23,0070,0.6060606060606061,0.5882352941176471,2023-24,,,,,,
2022-23,3784,0.7575757575757576,0.7575757575757576,2023-24,,,,,,
2022-23,3281,0.5384615384615384,0.5384615384615384,2023-24,,,,,,
2022-23,0284,0.7666666666666667,0.7419354838709677,2023-24,,,,,,
2022-23,4361,0.72,0.6923076923076923,2023-24,,,,,,
2022-23,0291,0.6825396825396826,0.7166666666666667,2023-24,,,,,,
2022-23,1291,0.8144329896907216,0.79,2023-24,,,,,,
2022-23,1551,0.8292682926829268,0.8292682926829268,2023-24,,,,,,
2022-23,2361,0.9047619047619048,0.76,2023-24,,,,,,
2022-23,2882,0.8571428571428571,0.8823529411764706,2023-24,,,,,,
2022-23,3771,0.6046511627906976,0.5909090909090909,2023-24,,,,,,
2022-23,3841,0.6486486486486487,0.6666666666666666,2023-24,,,,,,
2022-23,0151,0.7666666666666667,0.7931034482758621,2023-24,,,,,,
2022-23,0052,0.6875,0.6470588235294118,2023-24,,,,,,
2022-23,1781,0.8157894736842105,0.8378378378378378,2023-24,,,,,,
2022-23,2561,0.8823529411764706,0.8333333333333334,2023-24,,,,,,
2022-23,3041,0.7142857142857143,0.7317073170731707,2023-24,,,,,,
2022-23,3131,0.75,0.72,2023-24,,,,,,
2022-23,3171,0.8448275862068966,0.8235294117647058,2023-24,,,,,,
2022-23,0131,0.717948717948718,0.5957446808510638,2023-24,,,,,,
2022-23,0651,0.8409090909090909,0.7872340425531915,2023-24,,,,,,
2022-23,0921,0.8,0.782608695652174,2023-24,,,,,,
2022-23,2801,0.6451612903225806,0.5882352941176471,2023-24,,,,,,
2022-23,3411,0.9361702127659575,0.9361702127659575,2023-24,,,,,,
2022-23,3761,0.5357142857142857,0.5,2023-24,,,,,,
2022-23,0051,0.9047619047619048,0.7916666666666666,2023-24,,,,,,
2022-23,0005,0.6666666666666666,0.6363636363636364,2023-24,,,,,,
2022-23,0691,0.8857142857142857,0.8611111111111112,2023-24,,,,,,
2022-23,0861,0.825,0.7857142857142857,2023-24,,,,,,
2022-23,1542,0.6470588235294118,0.6875,2023-24,,,,,,
2022-23,1881,0.6440677966101694,0.6551724137931034,2023-24,,,,,,
2022-23,2521,0.8636363636363636,0.9047619047619048,2023-24,,,,,,
2022-23,3731,0.6904761904761905,0.7837837837837838,2023-24,,,,,,
2022-23,3861,0.8823529411764706,0.8571428571428571,2023-24,,,,,,
2022-23,0043,0.6557377049180327,0.6451612903225806,2023-24,,,,,,
2022-23,0106,0.8188976377952756,0.7938931297709924,2023-24,,,,,,
2022-23,0069,0.8289473684210527,0.9,2023-24,,,,,,
2022-23,4141,0.8690476190476191,0.8902439024390244,2023-24,,,,,,
2022-23,0761,0.6595744680851063,0.6888888888888889,2023-24,,,,,,
2022-23,0771,0.6666666666666666,0.7368421052631579,2023-24,,,,,,
2022-23,0072,0.84375,0.8181818181818182,2023-24,,,,,,
2022-23,1322,0.8157894736842105,0.8051948051948052,2023-24,,,,,,
2022-23,1401,0.875,0.7777777777777778,2023-24,,,,,,
2022-23,0282,,,,,,,,,
2022-23,0074,0.7333333333333333,0.7857142857142857,2023-24,,,,,,
2022-23,0093,0.8235294117647058,0.7368421052631579,2023-24,,,,,,
2022-23,0123,0.625,0.625,2023-24,,,,,,
2022-23,0011,0.8955223880597015,0.8108108108108109,2023-24,,,,,,
2022-23,0121,0.9444444444444444,0.7727272727272727,2023-24,,,,,,
2022-23,0191,0.5862068965517241,0.6296296296296297,2023-24,,,,,,
2022-23,0261,0.8148148148148148,0.8148148148148148,2023-24,,,,,,
2022-23,0631,0.4444444444444444,0.5714285714285714,2023-24,,,,,,
2022-23,0682,0.6511627906976745,0.5490196078431373,2023-24,,,,,,
2022-23,1441,0.8771929824561403,0.847457627118644,2023-24,,,,,,
2022-23,1541,0.7777777777777778,0.7205882352941176,2023-24,,,,,,
2022-23,2261,0.875,0.75,2023-24,,,,,,
2022-23,2321,0.8043478260869565,0.8604651162790697,2023-24,,,,,,
2022-23,2871,0.6666666666666666,0.6666666666666666,2023-24,,,,,,
2022-23,2362,0.6363636363636364,0.6666666666666666,2023-24,,,,,,
2022-23,3181,0.6774193548387096,0.6176470588235294,2023-24,,,,,,
2022-23,3241,0.68,0.7727272727272727,2023-24,,,,,,
2022-23,3431,0.8555555555555555,0.7938144329896907,2023-24,,,,,,
2022-23,3371,0.7659574468085106,0.7741935483870968,2023-24,,,,,,
2022-23,3442,0.6721311475409836,0.7321428571428571,2023-24,,,,,,
2022-23,4731,0.7560975609756098,0.7045454545454546,2023-24,,,,,,
2022-23,0086,0.8,0.8421052631578947,2023-24,,,,,,
2022-23,0009,0.6122448979591837,0.6382978723404256,2023-24,,,,,,
2022-23,0073,0.8194444444444444,0.7108433734939759,2023-24,,,,,,
2022-23,3061,0.8055555555555556,0.6744186046511628,2023-24,,,,,,
2022-23,4941,0.6333333333333333,0.6333333333333333,2023-24,,,,,,
2022-23,0311,0.9090909090909091,0.851063829787234,2023-24,,,,,,
2022-23,3561,0.84375,0.7714285714285715,2023-24,,,,,,
2022-23,0125,0.7073170731707317,0.8285714285714286,2023-24,,,,,,
2022-23,0802,0.8297872340425532,0.8297872340425532,2023-24,,,,,,
2022-23,0962,0.6923076923076923,0.75,2023-24,,,,,,
2022-23,2851,0.8958333333333334,0.8431372549019608,2023-24,,,,,,
2022-23,1021,0.6818181818181818,0.6976744186046512,2023-24,,,,,,
2022-23,3851,0.7037037037037037,0.7037037037037037,2023-24,,,,,,
2022-23,0042,0.775,0.7209302325581395,2023-24,,,,,,
2022-23,3101,0.8518518518518519,0.7419354838709677,2023-24,,,,,,
2022-23,3201,0.7083333333333334,0.7391304347826086,2023-24,,,,,,
2022-23,3961,0.6956521739130435,0.8421052631578947,2023-24,,,,,,
2022-23,0271,0.9210526315789473,0.875,2023-24,,,,,,
2022-23,0081,0.875,0.8235294117647058,2023-24,,,,,,
2022-23,0092,0.7380952380952381,0.7045454545454546,2023-24,,,,,,
2022-23,0161,0.8571428571428571,0.8571428571428571,2023-24,,,,,,
2022-23,0201,0.8,0.8205128205128205,2023-24,,,,,,
2022-23,0361,0.94,0.9215686274509803,2023-24,,,,,,
2022-23,0401,0.6842105263157895,0.6666666666666666,2023-24,,,,,,
2022-23,0441,0.65,0.8125,2023-24,,,,,,
2022-23,0521,0.7560975609756098,0.8157894736842105,2023-24,,,,,,
2022-23,0561,0.6666666666666666,0.6060606060606061,2023-24,,,,,,
2022-23,0571,0.7857142857142857,0.8918918918918919,2023-24,,,,,,
2022-23,0701,0.8529411764705882,0.6904761904761905,2023-24,,,,,,
2022-23,0772,0.88,0.8627450980392157,2023-24,,,,,,
2022-23,0065,0.8888888888888888,0.5853658536585366,2023-24,,,,,,
2022-23,1001,0.8333333333333334,0.875,2023-24,,,,,,
2022-23,0054,0.8571428571428571,0.8333333333333334,2023-24,,,,,,
2022-23,0056,0.8181818181818182,0.7714285714285715,2023-24,,,,,,
2022-23,0100,0.8627450980392157,0.7857142857142857,2023-24,,,,,,
2022-23,1081,0.7894736842105263,0.7894736842105263,2023-24,,,,,,
2022-23,1201,0.7948717948717948,0.8157894736842105,2023-24,,,,,,
2022-23,0842,0.4117647058823529,0.5,2023-24,,,,,,
2022-23,1281,0.7391304347826086,0.68,2023-24,,,,,,
2022-23,1361,0.6666666666666666,0.6666666666666666,2023-24,,,,,,
2022-23,1431,0.9444444444444444,0.9444444444444444,2023-24,,,,,,
2022-23,0059,0.88,0.8627450980392157,2023-24,,,,,,
2022-23,1481,0.6,0.5357142857142857,2023-24,,,,,,
2022-23,1681,0.9393939393939394,0.9393939393939394,2023-24,,,,,,
2022-23,1721,0.8571428571428571,0.8333333333333334,2023-24,,,,,,
2022-23,1761,0.8571428571428571,0.8181818181818182,2023-24,,,,,,
2022-23,0102,0.85,0.918918918918919,2023-24,,,,,,
2022-23,1831,0.7777777777777778,0.7777777777777778,2023-24,,,,,,
2022-23,1871,0.7659574468085106,0.8181818181818182,2023-24,,,,,,
2022-23,4747,0.5454545454545454,0.5714285714285714,2023-24,,,,,,
2022-23,2201,0.8387096774193549,0.8387096774193549,2023-24,,,,,,
2022-23,2431,0.84375,0.8709677419354839,2023-24,,,,,,
2022-23,2461,0.75,0.8,2023-24,,,,,,
2022-23,2531,0.88,0.7096774193548387,2023-24,,,,,,
2022-23,2601,0.8679245283018868,0.8363636363636363,2023-24,,,,,,
2022-23,0060,0.8518518518518519,0.8518518518518519,2023-24,,,,,,
2022-23,2721,0.7380952380952381,0.7045454545454546,2023-24,,,,,,
2022-23,2961,0.6296296296296297,0.5862068965517241,2023-24,,,,,,
2022-23,3121,0.88,0.9361702127659575,2023-24,,,,,,
2022-23,3161,0.6666666666666666,0.7692307692307693,2023-24,,,,,,
2022-23,0082,0.7647058823529411,0.8125,2023-24,,,,,,
2022-23,3441,0.9387755102040817,0.9019607843137255,2023-24,,,,,,
2022-23,3802,0.8297872340425532,0.8478260869565217,2023-24,,,,,,
2022-23,3801,0.8837209302325582,0.8636363636363636,2023-24,,,,,,
2022-23,3951,0.9459459459459459,0.875,2023-24,,,,,,
2022-23,4151,0.8604651162790697,0.8604651162790697,2023-24,,,,,,
2022-23,4161,0.8837209302325582,0.8636363636363636,2023-24,,,,,,
2022-23,0089,0.8791208791208791,0.898876404494382,2023-24,,,,,,
2022-23,0085,0.9019607843137255,0.9583333333333334,2023-24,,,,,,
2022-23,4241,0.8333333333333334,0.8620689655172413,2023-24,,,,,,
2022-23,2401,0.631578947368421,0.8,2023-24,,,,,,
2022-23,4261,0.8695652173913043,0.7843137254901961,2023-24,,,,,,
2022-23,4281,0.8461538461538461,0.7096774193548387,2023-24,,,,,,
2022-23,4381,0.8181818181818182,0.7941176470588235,2023-24,,,,,,
2022-23,4441,0.92,0.8846153846153846,2023-24,,,,,,
2022-23,4581,0.8333333333333334,0.8333333333333334,2023-24,,,,,,
2022-23,4591,0.88,0.8301886792452831,2023-24,,,,,,
2022-23,4601,0.7916666666666666,0.8636363636363636,2023-24,,,,,,
2022-23,4681,0.32,0.4,2023-24,,,,,,
2022-23,4722,0.8148148148148148,0.7586206896551724,2023-24,,,,,,
2022-23,4741,0.8717948717948718,0.9444444444444444,2023-24,,,,,,
2022-23,4801,0.9411764705882353,0.8421052631578947,2023-24,,,,,,
2022-23,4841,0.78125,0.78125,2023-24,,,,,,
2022-23,3001,0.7727272727272727,0.7727272727272727,2023-24,,,,,,
2022-23,2291,0.8611111111111112,0.8378378378378378,2023-24,,,,,,
2022-23,3681,0.6857142857142857,0.7058823529411765,2023-24,,,,,,
2022-23,4611,0.8958333333333334,0.9148936170212766,2023-24,,,,,,
2022-23,4561,0.7,0.7241379310344828,2023-24,,,,,,
2022-23,3081,0.9487179487179487,0.8222222222222222,2023-24,,,,,,
2022-23,4212,0.8461538461538461,0.88,2023-24,,,,,,
2022-23,0931,0.8529411764705882,0.8787878787878788,2023-24,,,,,,
2022-23,3620,0.8771929824561403,0.8771929824561403,2023-24,,,,,,
2022-23,1941,0.9459459459459459,0.9459459459459459,2023-24,,,,,,
2022-23,0110,0.851063829787234,0.8695652173913043,2023-24,,,,,,
2022-23,4761,0.9333333333333333,0.875,2023-24,,,,,,
2022-23,2551,0.7560975609756098,0.775,2023-24,,,,,,
2022-23,0527,0.9387755102040817,0.9787234042553191,2023-24,,,,,,
2022-23,0641,0.72,0.72,2023-24,,,,,,
2022-23,1601,0.8333333333333334,0.7894736842105263,2023-24,,,,,,
2022-23,2451,0.7714285714285715,0.9310344827586207,2023-24,,,,,,
2022-23,0881,0.8571428571428571,0.8571428571428571,2023-24,,,,,,
2022-23,4481,0.8333333333333334,0.7692307692307693,2023-24,,,,,,
2022-23,3622,0.8823529411764706,0.8823529411764706,2023-24,,,,,,
2022-23,3881,0.8947368421052632,0.85,2023-24,,,,,,
2022-23,3921,0.7142857142857143,0.7894736842105263,2023-24,,,,,,
2022-23,3362,0.8666666666666667,0.8387096774193549,2023-24,,,,,,
2022-23,0141,0.9117647058823529,0.8857142857142857,2023-24,,,,,,
2022-23,3082,0.9122807017543859,0.9454545454545454,2023-24,,,,,,
2022-23,3641,0.7741935483870968,0.7272727272727273,2023-24,,,,,,
2022-23,0851,0.717391304347826,0.7857142857142857,2023-24,,,,,,
2022-23,1471,0.75,0.6774193548387096,2023-24,,,,,,
2022-23,0801,0.8529411764705882,0.9354838709677419,2023-24,,,,,,
